{"uid":"b1a8273437954620fa374b796ffaacdd","name":"behaviors","children":[{"name":"Task_5","children":[{"name":"Navigate to the website homepage","uid":"b9cfff368678b758","parentUid":"0ecfe85502b1123a809d5f0cc4fa8b28","status":"passed","time":{"start":1712745153884,"stop":1712745168237,"duration":14353},"flaky":false,"newFailed":false,"newPassed":false,"newBroken":false,"retriesCount":0,"retriesStatusChange":false,"parameters":[],"tags":[]},{"name":"Log in as Locked User","uid":"35ea7cb8a841136e","parentUid":"0ecfe85502b1123a809d5f0cc4fa8b28","status":"unknown","time":{"start":1712745168298,"stop":1712745172489,"duration":4191},"flaky":false,"newFailed":false,"newPassed":false,"newBroken":false,"retriesCount":0,"retriesStatusChange":false,"parameters":[],"tags":[]}],"uid":"0ecfe85502b1123a809d5f0cc4fa8b28"}]}