{"uid":"4b4757e66a1912dae1a509f688f20b0f","name":"categories","children":[{"name":"Known issues","children":[{"name":"1) Known issue: BUG-001 (Type: INTERNAL. Status: UNKNOWN). Checking if \"https://www.saucedemo.com/\" is equal to \"https://www.saucedemo.com/inventory.html\" [Expected: \"https://www.saucedemo.com/inventory.html\" Actual: was \"https://www.saucedemo.com/\"]\r\n2) Known issue: BUG-002 (Type: INTERNAL. Status: UNKNOWN). Number of elements found by ' Class name: 'inventory_item'; Visibility: VISIBLE;' is equal to 6 [Expected: number of elements is a value equal to <6> Actual: <0>]","children":[{"name":"Log in as Locked User","uid":"35ea7cb8a841136e","parentUid":"7883c81602533f3fbc01b266186dcb13","status":"unknown","time":{"start":1712745168298,"stop":1712745172489,"duration":4191},"flaky":false,"newFailed":false,"newPassed":false,"newBroken":false,"retriesCount":0,"retriesStatusChange":false,"parameters":[],"tags":[]}],"uid":"7883c81602533f3fbc01b266186dcb13"}],"uid":"6e9e98fe86267b456f2ba983f6464c24"}]}