{"uid":"98d3104e051c652961429bf95fa0b5d6","name":"suites","children":[{"name":"batch-1","children":[{"name":"Task_5","children":[{"name":"Navigate to the website homepage","uid":"b9cfff368678b758","parentUid":"68c73405dc9114f1368018edc06606a3","status":"passed","time":{"start":1712745153884,"stop":1712745168237,"duration":14353},"flaky":false,"newFailed":false,"newPassed":false,"newBroken":false,"retriesCount":0,"retriesStatusChange":false,"parameters":[],"tags":[]},{"name":"Log in as Locked User","uid":"35ea7cb8a841136e","parentUid":"68c73405dc9114f1368018edc06606a3","status":"unknown","time":{"start":1712745168298,"stop":1712745172489,"duration":4191},"flaky":false,"newFailed":false,"newPassed":false,"newBroken":false,"retriesCount":0,"retriesStatusChange":false,"parameters":[],"tags":[]}],"uid":"68c73405dc9114f1368018edc06606a3"}],"uid":"87b8be25e9c9e007e80824e508a2043b"}]}