{"uid":"ab17fc5a4eb3bca4b216b548c7f9fcbc","name":"timeline","children":[{"name":"EPBYVITW008D","children":[{"name":"26464@EPBYVITW008D.batch-1-thread-1(34)","children":[{"name":"Navigate to the website homepage","uid":"b9cfff368678b758","parentUid":"c152c663e96384637d237b459f468fb6","status":"passed","time":{"start":1712745153884,"stop":1712745168237,"duration":14353},"flaky":false,"newFailed":false,"newPassed":false,"newBroken":false,"retriesCount":0,"retriesStatusChange":false,"parameters":[],"tags":[]},{"name":"Log in as Locked User","uid":"35ea7cb8a841136e","parentUid":"c152c663e96384637d237b459f468fb6","status":"unknown","time":{"start":1712745168298,"stop":1712745172489,"duration":4191},"flaky":false,"newFailed":false,"newPassed":false,"newBroken":false,"retriesCount":0,"retriesStatusChange":false,"parameters":[],"tags":[]}],"uid":"c152c663e96384637d237b459f468fb6"}],"uid":"d60da3cccbc5fdadff8099b7b8d8475c"}]}