[{"values":["saucedemo_Baryla"],"name":"Environments"},{"values":["training"],"name":"Suites"},{"values":["web/desktop/chrome"],"name":"Profiles"},{"values":["OFF"],"name":"Proxy"},{"values":["Windows 10"],"name":"Operating System"},{"values":["chrome "],"name":"Browser"},{"values":["OFF"],"name":"Remote Execution"},{"values":["story/training"],"name":"Batch 1 Location"},{"values":["*.story"],"name":"Batch 1 Include Patterns"},{"values":["groovy: (!layout || layout.contains('desktop')) && !skip && (true)"],"name":"Global Meta Filters"},{"values":["https://www.saucedemo.com/"],"name":"Main Application Page"}]