[{"data":{"Known issues":1}},{"data":{"Product defects":1}},{"data":{"Product defects":1}},{"data":{"Product defects":1}},{"data":{"Product defects":1}},{"data":{"Product defects":1}},{"data":{"Product defects":1}},{"data":{"Product defects":1}},{"data":{"Product defects":1}},{"data":{"Product defects":1}},{"data":{"Product defects":1}},{"data":{"Product defects":1}},{"data":{"Product defects":1}},{"data":{"Product defects":1}},{"data":{"Product defects":1}},{"data":{"Product defects":1}},{"data":{}},{"data":{}},{"data":{"Product defects":1}},{"data":{"Product defects":1}}]