[{"data":{"duration":18605}},{"data":{"duration":9543}},{"data":{"duration":18468}},{"data":{"duration":18659}},{"data":{"duration":18880}},{"data":{"duration":18286}},{"data":{"duration":9931}},{"data":{"duration":18028}},{"data":{"duration":10054}},{"data":{"duration":18412}},{"data":{"duration":9387}},{"data":{"duration":18978}},{"data":{"duration":17994}},{"data":{"duration":9728}},{"data":{"duration":10024}},{"data":{"duration":13117}},{"data":{"duration":21265}},{"data":{"duration":36959}},{"data":{"duration":9025}},{"data":{"duration":8973}}]