{"[batch: batch-1][stories-chain: file:/C:/Users/Darya_Sakel/IdeaProjects/vividus-training/output/resources/main/story/training/Task_6.story][scenario: Navigate to the website homepage [1]-0]":{"statistic":{"failed":0,"broken":0,"skipped":0,"passed":27,"unknown":0,"total":27},"items":[{"uid":"a02ef81fe59f92b6","status":"passed","time":{"start":1710756632178,"stop":1710756646319,"duration":14141}},{"uid":"421d9fbee57591c1","status":"passed","time":{"start":1710756372154,"stop":1710756378157,"duration":6003}},{"uid":"fbe2dac982ce0f4b","status":"passed","time":{"start":1710098871896,"stop":1710098877461,"duration":5565}},{"uid":"5df53e30f0a43473","status":"passed","time":{"start":1710098577836,"stop":1710098592379,"duration":14543}},{"uid":"96061f20fa4be2ad","status":"passed","time":{"start":1710098455479,"stop":1710098470634,"duration":15155}},{"uid":"72c4cfe80069284","status":"passed","time":{"start":1710097895999,"stop":1710097901408,"duration":5409}},{"uid":"b12ef223074263c7","status":"passed","time":{"start":1710097139993,"stop":1710097154675,"duration":14682}},{"uid":"799d1f8fd16e36e7","status":"passed","time":{"start":1710096635090,"stop":1710096644494,"duration":9404}},{"uid":"9e75ceb9e833af05","status":"passed","time":{"start":1710096568282,"stop":1710096582060,"duration":13778}},{"uid":"265a5360a171381e","status":"passed","time":{"start":1710096514303,"stop":1710096519928,"duration":5625}},{"uid":"9d2ca66876081c55","status":"passed","time":{"start":1710095973948,"stop":1710095983412,"duration":9464}},{"uid":"d04c9c103cda03e","status":"passed","time":{"start":1710095776746,"stop":1710095782272,"duration":5526}},{"uid":"ac9cb49e16e4c0af","status":"passed","time":{"start":1710093898108,"stop":1710093912627,"duration":14519}},{"uid":"1164915752bd9ed3","status":"passed","time":{"start":1710093692371,"stop":1710093697536,"duration":5165}},{"uid":"466079ad8e1e874b","status":"passed","time":{"start":1710093303653,"stop":1710093318700,"duration":15047}},{"uid":"9f817cc80ffd3a8a","status":"passed","time":{"start":1710093191890,"stop":1710093206855,"duration":14965}},{"uid":"1006121555561e0a","status":"passed","time":{"start":1710093119146,"stop":1710093134014,"duration":14868}},{"uid":"29a7b205721bb5a1","status":"passed","time":{"start":1710093050959,"stop":1710093056142,"duration":5183}},{"uid":"20af0b74bf66f889","status":"passed","time":{"start":1710092918469,"stop":1710092927351,"duration":8882}},{"uid":"1c04ac9dd0dd2c0b","status":"passed","time":{"start":1710092811599,"stop":1710092820301,"duration":8702}}]},"[batch: batch-1][stories-chain: file:/C:/Users/Darya_Sakel/IdeaProjects/vividus-training/bin/main/story/training/Task_5.story][scenario: Log in as Locked User-0]":{"statistic":{"failed":3,"broken":0,"skipped":0,"passed":0,"unknown":0,"total":3},"items":[{"uid":"d3735a67668c81ee","status":"failed","statusDetails":"1) Checking if \"https://www.saucedemo.com/\" is equal to \"https://www.saucedemo.com/inventory.html\" [Expected: \"https://www.saucedemo.com/inventory.html\" Actual: was \"https://www.saucedemo.com/\"]\r\n2) The number of found elements [Expected: number of elements is a value equal to <6> Actual: <0>]","time":{"start":1710750225898,"stop":1710750230090,"duration":4192}},{"uid":"3c8f83ace776bbec","status":"failed","statusDetails":"1) Checking if \"https://www.saucedemo.com/\" is equal to \"https://www.saucedemo.com/inventory.html\" [Expected: \"https://www.saucedemo.com/inventory.html\" Actual: was \"https://www.saucedemo.com/\"]\r\n2) The number of found elements [Expected: number of elements is a value equal to <6> Actual: <0>]","time":{"start":1710749949844,"stop":1710749953955,"duration":4111}},{"uid":"7d551f0d6da48171","status":"failed","statusDetails":"1) Checking if \"https://www.saucedemo.com/\" is equal to \"https://www.saucedemo.com/inventory.html\" [Expected: \"https://www.saucedemo.com/inventory.html\" Actual: was \"https://www.saucedemo.com/\"]\r\n2) The number of found elements [Expected: number of elements is a value equal to <6> Actual: <0>]","time":{"start":1710749399836,"stop":1710749403871,"duration":4035}}]},"[batch: batch-1][stories-chain: file:/C:/Users/Darya_Sakel/IdeaProjects/vividus-training/output/resources/main/story/training/Task_6.story][scenario: Log Out [2]-0]":{"statistic":{"failed":0,"broken":0,"skipped":0,"passed":16,"unknown":0,"total":16},"items":[{"uid":"b39925749649902b","status":"passed","time":{"start":1710756407267,"stop":1710756409113,"duration":1846}},{"uid":"d2849bab57bee43a","status":"passed","time":{"start":1710098906228,"stop":1710098907995,"duration":1767}},{"uid":"4b42818bac93eae8","status":"passed","time":{"start":1710093708018,"stop":1710093708020,"duration":2}},{"uid":"976ac1479d742d7c","status":"passed","time":{"start":1710093331041,"stop":1710093331042,"duration":1}},{"uid":"3db4aa4eef011d","status":"passed","time":{"start":1710093215771,"stop":1710093215774,"duration":3}},{"uid":"46983b1021979f9a","status":"passed","time":{"start":1710093149892,"stop":1710093149894,"duration":2}},{"uid":"46055acc25e84e0c","status":"passed","time":{"start":1710093064826,"stop":1710093064827,"duration":1}},{"uid":"817278cf2f458eb8","status":"passed","time":{"start":1710092936085,"stop":1710092936087,"duration":2}},{"uid":"c59b9557a09d3bb0","status":"passed","time":{"start":1710092822637,"stop":1710092822639,"duration":2}},{"uid":"8f3e173b04ce0a36","status":"passed","time":{"start":1710092736913,"stop":1710092736915,"duration":2}},{"uid":"6eb7c042e20975ba","status":"passed","time":{"start":1710092565127,"stop":1710092565128,"duration":1}},{"uid":"d8efc7c589e20c86","status":"passed","time":{"start":1710092041863,"stop":1710092041865,"duration":2}},{"uid":"2513bec93976819f","status":"passed","time":{"start":1710091227627,"stop":1710091227628,"duration":1}},{"uid":"aeb85d9692304cbb","status":"passed","time":{"start":1710091059808,"stop":1710091059810,"duration":2}},{"uid":"c23b6593fe5ac665","status":"passed","time":{"start":1710090707469,"stop":1710090707470,"duration":1}},{"uid":"fda427f9e86b25a8","status":"passed","time":{"start":1710090356742,"stop":1710090356744,"duration":2}}]},"[batch: batch-1][stories-chain: file:/C:/Users/Darya_Sakel/IdeaProjects/vividus-training/output/resources/main/story/training/Task_6.story][scenario: Add item to the shopping cart [1]-0]":{"statistic":{"failed":0,"broken":0,"skipped":0,"passed":4,"unknown":0,"total":4},"items":[{"uid":"4dfef6699de92bc3","status":"passed","time":{"start":1710091225623,"stop":1710091225625,"duration":2}},{"uid":"a7f9f7866da13498","status":"passed","time":{"start":1710091057961,"stop":1710091057963,"duration":2}},{"uid":"6d420e44885eaa1d","status":"passed","time":{"start":1710090705577,"stop":1710090705579,"duration":2}},{"uid":"57b879eb69bdf8c7","status":"passed","time":{"start":1710090354804,"stop":1710090354807,"duration":3}}]},"[batch: batch-1][stories-chain: file:/C:/Users/Darya_Sakel/IdeaProjects/vividus-training/output/resources/main/story/training/Task_6.story][scenario: Log Out [1]-0]":{"statistic":{"failed":0,"broken":0,"skipped":0,"passed":25,"unknown":0,"total":25},"items":[{"uid":"d13625efaacd7387","status":"passed","time":{"start":1710756651639,"stop":1710756653443,"duration":1804}},{"uid":"af19eaaada28a6d8","status":"passed","time":{"start":1710756383493,"stop":1710756385332,"duration":1839}},{"uid":"cfcd5c22df135360","status":"passed","time":{"start":1710098882677,"stop":1710098884450,"duration":1773}},{"uid":"fb0d9872b6471911","status":"passed","time":{"start":1710098597683,"stop":1710098599513,"duration":1830}},{"uid":"947f968e2e8f5424","status":"passed","time":{"start":1710097906772,"stop":1710097906774,"duration":2}},{"uid":"f00090d242c6111a","status":"passed","time":{"start":1710097160173,"stop":1710097160175,"duration":2}},{"uid":"db4d51b25d9423b6","status":"passed","time":{"start":1710096649781,"stop":1710096649782,"duration":1}},{"uid":"60576189cc9ef737","status":"passed","time":{"start":1710096584337,"stop":1710096584339,"duration":2}},{"uid":"f7c7fe57ee729010","status":"passed","time":{"start":1710096522252,"stop":1710096522253,"duration":1}},{"uid":"e9a46203c74526a9","status":"passed","time":{"start":1710095788883,"stop":1710095788884,"duration":1}},{"uid":"8290d38f2007e1e4","status":"passed","time":{"start":1710093919143,"stop":1710093919144,"duration":1}},{"uid":"3eee7c40dfad261e","status":"passed","time":{"start":1710093704012,"stop":1710093704015,"duration":3}},{"uid":"f07f36237505d53b","status":"passed","time":{"start":1710093320939,"stop":1710093320940,"duration":1}},{"uid":"d6d73fd421a87b2e","status":"passed","time":{"start":1710093211422,"stop":1710093211424,"duration":2}},{"uid":"33960483b1dc90fc","status":"passed","time":{"start":1710093138644,"stop":1710093138645,"duration":1}},{"uid":"7e5fc413fa424dcc","status":"passed","time":{"start":1710093059750,"stop":1710093059752,"duration":2}},{"uid":"23da4f64a9f6538f","status":"passed","time":{"start":1710092930943,"stop":1710092930945,"duration":2}},{"uid":"5870f7b41d08ceb3","status":"passed","time":{"start":1710092820569,"stop":1710092820571,"duration":2}},{"uid":"3705ce72bb5dcd20","status":"passed","time":{"start":1710092734770,"stop":1710092734772,"duration":2}},{"uid":"e03f63f33aee1570","status":"passed","time":{"start":1710092560116,"stop":1710092560117,"duration":1}}]},"[batch: batch-1][stories-chain: file:/C:/Users/Darya_Sakel/IdeaProjects/vividus-training/output/resources/main/story/training/Task_2.story > story/demo/Homepage_Demo.story][scenario: Navigate to the SauceDemo website homepage-0]":{"statistic":{"failed":0,"broken":0,"skipped":0,"passed":18,"unknown":0,"total":18},"items":[{"uid":"aeacf861e4fb2f79","status":"passed","time":{"start":1710065461735,"stop":1710065477203,"duration":15468}},{"uid":"64ce57a04530e388","status":"passed","time":{"start":1709843490474,"stop":1709843495686,"duration":5212}},{"uid":"99f1548a32ef0105","status":"passed","time":{"start":1709843426233,"stop":1709843441020,"duration":14787}},{"uid":"6358d7ee0f98dde2","status":"passed","time":{"start":1709843172603,"stop":1709843178260,"duration":5657}},{"uid":"2ce2b8c5ec7ec1f1","status":"passed","time":{"start":1709842420698,"stop":1709842435073,"duration":14375}},{"uid":"3a6438247a26d441","status":"passed","time":{"start":1709842359677,"stop":1709842369236,"duration":9559}},{"uid":"d7a0852e3d15c25a","status":"passed","time":{"start":1709842218471,"stop":1709842224615,"duration":6144}},{"uid":"56d8603f7972ef26","status":"passed","time":{"start":1709841884322,"stop":1709841889967,"duration":5645}},{"uid":"52a3c8e07322fb11","status":"passed","time":{"start":1709841568249,"stop":1709841582948,"duration":14699}},{"uid":"d2ea3f8ab06fd582","status":"passed","time":{"start":1709841485343,"stop":1709841490698,"duration":5355}},{"uid":"459c7a37ddee35ff","status":"passed","time":{"start":1709841152230,"stop":1709841157377,"duration":5147}},{"uid":"be0ac69ed0e1a915","status":"passed","time":{"start":1709840910169,"stop":1709840925846,"duration":15677}},{"uid":"3ba50b39b403541e","status":"passed","time":{"start":1709840853627,"stop":1709840869297,"duration":15670}},{"uid":"785aa76fc1564777","status":"passed","time":{"start":1709840761335,"stop":1709840767707,"duration":6372}},{"uid":"29d58356c8428186","status":"passed","time":{"start":1709839978837,"stop":1709839989551,"duration":10714}},{"uid":"5e1d2f0157dc0cff","status":"passed","time":{"start":1709839895330,"stop":1709839900461,"duration":5131}},{"uid":"5883456e3d7d1565","status":"passed","time":{"start":1709839764644,"stop":1709839780520,"duration":15876}},{"uid":"9a0bf9107b47cae9","status":"passed","time":{"start":1709839647986,"stop":1709839653231,"duration":5245}}]},"[batch: batch-1][stories-chain: file:/C:/Users/Darya_Sakel/IdeaProjects/vividus-training/output/resources/main/story/training/Task_6.story][scenario: Navigate to the website homepage [2]-0]":{"statistic":{"failed":0,"broken":0,"skipped":0,"passed":16,"unknown":0,"total":16},"items":[{"uid":"34e723d3bf507e1f","status":"passed","time":{"start":1710756385336,"stop":1710756387155,"duration":1819}},{"uid":"723fa230d3669674","status":"passed","time":{"start":1710098884453,"stop":1710098886183,"duration":1730}},{"uid":"d6043ba0f7ea9357","status":"passed","time":{"start":1710093704018,"stop":1710093705792,"duration":1774}},{"uid":"458a6c5449e1b65e","status":"passed","time":{"start":1710093320943,"stop":1710093322785,"duration":1842}},{"uid":"8ad86da9438dc5c0","status":"passed","time":{"start":1710093211427,"stop":1710093213299,"duration":1872}},{"uid":"4902a848d628c473","status":"passed","time":{"start":1710093138649,"stop":1710093140498,"duration":1849}},{"uid":"791b32eb28cf0ae9","status":"passed","time":{"start":1710093059755,"stop":1710093061581,"duration":1826}},{"uid":"3a426a617c66786b","status":"passed","time":{"start":1710092930950,"stop":1710092932784,"duration":1834}},{"uid":"3e75c799ed048924","status":"passed","time":{"start":1710092820574,"stop":1710092822432,"duration":1858}},{"uid":"65147eb4849afd3b","status":"passed","time":{"start":1710092734778,"stop":1710092736672,"duration":1894}},{"uid":"dcd167345675456d","status":"passed","time":{"start":1710092560121,"stop":1710092561887,"duration":1766}},{"uid":"cea1134fd0254275","status":"passed","time":{"start":1710092039912,"stop":1710092041691,"duration":1779}},{"uid":"3529801629c072cd","status":"passed","time":{"start":1710091225639,"stop":1710091227452,"duration":1813}},{"uid":"d5d66b161d740696","status":"passed","time":{"start":1710091057977,"stop":1710091059790,"duration":1813}},{"uid":"855e90cd27fa2432","status":"passed","time":{"start":1710090705592,"stop":1710090707449,"duration":1857}},{"uid":"7e40e810360d1fa7","status":"passed","time":{"start":1710090354821,"stop":1710090356723,"duration":1902}}]},"[batch: batch-1][stories-chain: file:/C:/Users/Darya_Sakel/IdeaProjects/vividus-training/output/resources/main/story/training/Task_6.story][scenario: Add item to the shopping cart [2]-0]":{"statistic":{"failed":0,"broken":0,"skipped":0,"passed":4,"unknown":0,"total":4},"items":[{"uid":"67ffb3142a138074","status":"passed","time":{"start":1710091227617,"stop":1710091227618,"duration":1}},{"uid":"29f268cd4ecd53a6","status":"passed","time":{"start":1710091059799,"stop":1710091059800,"duration":1}},{"uid":"5223a4d4d7bc77e2","status":"passed","time":{"start":1710090707458,"stop":1710090707460,"duration":2}},{"uid":"7a3dabe2b5576063","status":"passed","time":{"start":1710090356733,"stop":1710090356735,"duration":2}}]},"[batch: batch-1][stories-chain: file:/C:/Users/Darya_Sakel/IdeaProjects/vividus-training/bin/main/story/training/Task_5.story][scenario: Navigate to the website homepage-0]":{"statistic":{"failed":0,"broken":0,"skipped":0,"passed":3,"unknown":0,"total":3},"items":[{"uid":"8af334eaabf7495a","status":"passed","time":{"start":1710750221065,"stop":1710750225830,"duration":4765}},{"uid":"1bd9b91fe02c7273","status":"passed","time":{"start":1710749944982,"stop":1710749949773,"duration":4791}},{"uid":"93460c8df333e39f","status":"passed","time":{"start":1710749390963,"stop":1710749399787,"duration":8824}}]},"[batch: batch-1][stories-chain: file:/C:/Users/Darya_Sakel/IdeaProjects/vividus-training/output/resources/main/story/training/Task_5.story][scenario: Log in as a Good User-0]":{"statistic":{"failed":5,"broken":1,"skipped":0,"passed":1,"unknown":0,"total":7},"items":[{"uid":"8b7294f136ac739a","status":"failed","statusDetails":"1) Checking if \"https://www.saucedemo.com/\" is equal to \"https://www.saucedemo.com/inventory.html\" [Expected: \"https://www.saucedemo.com/inventory.html\" Actual: was \"https://www.saucedemo.com/\"]\r\n2) The number of found elements [Expected: number of elements is a value equal to <6> Actual: <0>]","time":{"start":1710167557446,"stop":1710167561587,"duration":4141}},{"uid":"a269bac560a2166b","status":"failed","statusDetails":"1) Checking if \"https://www.saucedemo.com/\" is equal to \"https://www.saucedemo.com/inventory.html\" [Expected: \"https://www.saucedemo.com/inventory.html\" Actual: was \"https://www.saucedemo.com/\"]\r\n2) The number of found elements [Expected: number of elements is a value equal to <6> Actual: <0>]","time":{"start":1710167432879,"stop":1710167436973,"duration":4094}},{"uid":"ebeb15421824e52e","status":"failed","statusDetails":"1) Checking if \"https://www.saucedemo.com/\" is equal to \"https://www.saucedemo.com/inventory.html\" [Expected: \"https://www.saucedemo.com/inventory.html\" Actual: was \"https://www.saucedemo.com/\"]\r\n2) The number of found elements [Expected: number of elements is a value equal to <6> Actual: <0>]","time":{"start":1710167381787,"stop":1710167385867,"duration":4080}},{"uid":"90f745339e4ccfef","status":"failed","statusDetails":"1) Checking if \"https://www.saucedemo.com/\" is equal to \"https://www.saucedemo.com/inventory.html\" [Expected: \"https://www.saucedemo.com/inventory.html\" Actual: was \"https://www.saucedemo.com/\"]\r\n2) The number of found elements [Expected: number of elements is a value equal to <6> Actual: <0>]","time":{"start":1710166957618,"stop":1710166961667,"duration":4049}},{"uid":"6670703df7784fce","status":"failed","statusDetails":"1) Expected condition failed: waiting for visibility of element located by xpath '//*[@id=\"header_container\"]' (visible) (tried for 60 second(s) with 2000 milliseconds interval)\nBuild info: version: '4.13.0', revision: 'ba948ece5b*'\nSystem info: os.name: 'Windows 10', os.arch: 'amd64', os.version: '10.0', java.version: '17.0.10'\nDriver info: driver.version: unknown\r\n2) Checking if \"https://www.saucedemo.com/\" is equal to \"https://www.saucedemo.com/inventory.html\" [Expected: \"https://www.saucedemo.com/inventory.html\" Actual: was \"https://www.saucedemo.com/\"]\r\n3) The number of found elements [Expected: number of elements is a value equal to <6> Actual: <0>]","time":{"start":1710165952226,"stop":1710166018814,"duration":66588}},{"uid":"7085a45433b56bab","status":"passed","time":{"start":1710165842346,"stop":1710165845083,"duration":2737}},{"uid":"576e6d998f80579a","status":"broken","statusDetails":"no such window: target window already closed\nfrom unknown error: web view not found\n  (Session info: chrome=122.0.6261.112)\nBuild info: version: '4.13.0', revision: 'ba948ece5b*'\nSystem info: os.name: 'Windows 10', os.arch: 'amd64', os.version: '10.0', java.version: '17.0.10'\nDriver info: org.openqa.selenium.chrome.ChromeDriver\nCommand: [69e5cfeeb4ac382d1e78a34be7d55938, findElements {using=xpath, value=//*[normalize-space(@id)=\"header_container\"]}]\nCapabilities {acceptInsecureCerts: false, browserName: chrome, browserVersion: 122.0.6261.112, chrome: {chromedriverVersion: 122.0.6261.111 (9d4c1072da6..., userDataDir: C:\\Users\\DARYA_~1\\AppData\\L...}, fedcm:accounts: true, goog:chromeOptions: {debuggerAddress: localhost:54768}, networkConnectionEnabled: false, pageLoadStrategy: normal, platformName: windows, proxy: Proxy(), se:cdp: ws://localhost:54768/devtoo..., se:cdpVersion: 122.0.6261.112, setWindowRect: true, strictFileInteractability: false, timeouts: {implicit: 0, pageLoad: 300000, script: 30000}, unhandledPromptBehavior: dismiss and notify, webauthn:extension:credBlob: true, webauthn:extension:largeBlob: true, webauthn:extension:minPinLength: true, webauthn:extension:prf: true, webauthn:virtualAuthenticators: true}\nSession ID: 69e5cfeeb4ac382d1e78a34be7d55938","time":{"start":1710165775463,"stop":1710165792496,"duration":17033}}]},"[batch: batch-1][stories-chain: file:/C:/Users/Darya_Sakel/IdeaProjects/vividus-training/output/resources/main/story/training/Task_4.story][scenario: Log in as a Good User-0]":{"statistic":{"failed":2,"broken":3,"skipped":0,"passed":20,"unknown":0,"total":25},"items":[{"uid":"8985e49779a9a8c0","status":"passed","time":{"start":1710165118284,"stop":1710165122200,"duration":3916}},{"uid":"8399bea819d237da","status":"passed","time":{"start":1710064645758,"stop":1710064649834,"duration":4076}},{"uid":"2ee34c620e160b9d","status":"failed","statusDetails":"1) Visual check passed [The condition is false]","time":{"start":1710064352727,"stop":1710064356586,"duration":3859}},{"uid":"613fb076624d5097","status":"broken","statusDetails":"invalid selector: Unable to locate an element with the xpath expression //*[normalize-space(@class)='inventory_item_img']// because of the following error:\nSyntaxError: Failed to execute 'evaluate' on 'Document': The string '//*[normalize-space(@class)='inventory_item_img']//' is not a valid XPath expression.\n  (Session info: chrome=122.0.6261.112)\nFor documentation on this error, please visit: https://www.selenium.dev/documentation/webdriver/troubleshooting/errors#invalid-selector-exception\nBuild info: version: '4.13.0', revision: 'ba948ece5b*'\nSystem info: os.name: 'Windows 10', os.arch: 'amd64', os.version: '10.0', java.version: '17.0.10'\nDriver info: org.openqa.selenium.chrome.ChromeDriver\nCommand: [1115c5146bea7f07ef985a963eba25e5, findElements {using=xpath, value=//*[normalize-space(@class)='inventory_item_img']//}]\nCapabilities {acceptInsecureCerts: false, browserName: chrome, browserVersion: 122.0.6261.112, chrome: {chromedriverVersion: 122.0.6261.111 (9d4c1072da6..., userDataDir: C:\\Users\\DARYA_~1\\AppData\\L...}, fedcm:accounts: true, goog:chromeOptions: {debuggerAddress: localhost:57869}, networkConnectionEnabled: false, pageLoadStrategy: normal, platformName: windows, proxy: Proxy(), se:cdp: ws://localhost:57869/devtoo..., se:cdpVersion: 122.0.6261.112, setWindowRect: true, strictFileInteractability: false, timeouts: {implicit: 0, pageLoad: 300000, script: 30000}, unhandledPromptBehavior: dismiss and notify, webauthn:extension:credBlob: true, webauthn:extension:largeBlob: true, webauthn:extension:minPinLength: true, webauthn:extension:prf: true, webauthn:virtualAuthenticators: true}\nSession ID: 1115c5146bea7f07ef985a963eba25e5","time":{"start":1710064274369,"stop":1710064277135,"duration":2766}},{"uid":"ed091736072048d6","status":"failed","statusDetails":"1) Visual check passed [The condition is false]","time":{"start":1710063804878,"stop":1710063808180,"duration":3302}},{"uid":"d8a2d1fdbf688f95","status":"passed","time":{"start":1710063506035,"stop":1710063508829,"duration":2794}},{"uid":"f84ca48ca84aca8e","status":"broken","statusDetails":"invalid selector: Unable to locate an element with the xpath expression //*[normalize-space(@class)='inventory_item_img']// because of the following error:\nSyntaxError: Failed to execute 'evaluate' on 'Document': The string '//*[normalize-space(@class)='inventory_item_img']//' is not a valid XPath expression.\n  (Session info: chrome=122.0.6261.112)\nFor documentation on this error, please visit: https://www.selenium.dev/documentation/webdriver/troubleshooting/errors#invalid-selector-exception\nBuild info: version: '4.13.0', revision: 'ba948ece5b*'\nSystem info: os.name: 'Windows 10', os.arch: 'amd64', os.version: '10.0', java.version: '17.0.10'\nDriver info: org.openqa.selenium.chrome.ChromeDriver\nCommand: [858e2118814db94138865bf8392e7cec, findElements {using=xpath, value=//*[normalize-space(@class)='inventory_item_img']//}]\nCapabilities {acceptInsecureCerts: false, browserName: chrome, browserVersion: 122.0.6261.112, chrome: {chromedriverVersion: 122.0.6261.111 (9d4c1072da6..., userDataDir: C:\\Users\\DARYA_~1\\AppData\\L...}, fedcm:accounts: true, goog:chromeOptions: {debuggerAddress: localhost:55987}, networkConnectionEnabled: false, pageLoadStrategy: normal, platformName: windows, proxy: Proxy(), se:cdp: ws://localhost:55987/devtoo..., se:cdpVersion: 122.0.6261.112, setWindowRect: true, strictFileInteractability: false, timeouts: {implicit: 0, pageLoad: 300000, script: 30000}, unhandledPromptBehavior: dismiss and notify, webauthn:extension:credBlob: true, webauthn:extension:largeBlob: true, webauthn:extension:minPinLength: true, webauthn:extension:prf: true, webauthn:virtualAuthenticators: true}\nSession ID: 858e2118814db94138865bf8392e7cec","time":{"start":1710062963518,"stop":1710062966251,"duration":2733}},{"uid":"b5ad022659e3d7bb","status":"broken","statusDetails":"Unsupported locator type: By .xpath","time":{"start":1710062843559,"stop":1710062844569,"duration":1010}},{"uid":"ff9c3c0d9cbc5dfd","status":"passed","time":{"start":1710062594853,"stop":1710062597786,"duration":2933}},{"uid":"d60ea7d28849b32e","status":"passed","time":{"start":1710062451864,"stop":1710062454614,"duration":2750}},{"uid":"8ea77cce2ffc9fd0","status":"passed","time":{"start":1710062095400,"stop":1710062098189,"duration":2789}},{"uid":"5499d0927c5e4008","status":"passed","time":{"start":1710061786758,"stop":1710061789502,"duration":2744}},{"uid":"82c67a92af44e337","status":"passed","time":{"start":1710061513507,"stop":1710061516361,"duration":2854}},{"uid":"f932f8b439d53a38","status":"passed","time":{"start":1710058112318,"stop":1710058115365,"duration":3047}},{"uid":"94fdd7311bf0913f","status":"passed","time":{"start":1710010262428,"stop":1710010265372,"duration":2944}},{"uid":"972d1e2f1aec84ce","status":"passed","time":{"start":1710010120618,"stop":1710010123636,"duration":3018}},{"uid":"cfbc205c7f46bda9","status":"passed","time":{"start":1710009990729,"stop":1710009993897,"duration":3168}},{"uid":"e60fdd1b6197f1c2","status":"passed","time":{"start":1710009670243,"stop":1710009673521,"duration":3278}},{"uid":"2d1361a87cb5c069","status":"passed","time":{"start":1710009506821,"stop":1710009509837,"duration":3016}},{"uid":"8efe5048e9191f18","status":"passed","time":{"start":1710009404545,"stop":1710009407521,"duration":2976}}]},"[batch: batch-1][stories-chain: file:/C:/Users/Darya_Sakel/IdeaProjects/vividus-training/output/resources/main/story/training/Task_3.story][scenario: Log in as a Good User-0]":{"statistic":{"failed":1,"broken":4,"skipped":2,"passed":9,"unknown":0,"total":16},"items":[{"uid":"63a5627ba30fd658","status":"passed","time":{"start":1710165332391,"stop":1710165335085,"duration":2694}},{"uid":"b2348a4da188f088","status":"skipped","statusDetails":"The step is not implemented","time":{"start":1710004798266,"stop":1710004798413,"duration":147}},{"uid":"e49641588a247801","status":"passed","time":{"start":1710003467816,"stop":1710003470480,"duration":2664}},{"uid":"6d6879c60085eb5c","status":"broken","statusDetails":"no such window: target window already closed\nfrom unknown error: web view not found\n  (Session info: chrome=122.0.6261.112)\nBuild info: version: '4.13.0', revision: 'ba948ece5b*'\nSystem info: os.name: 'Windows 10', os.arch: 'amd64', os.version: '10.0', java.version: '17.0.10'\nDriver info: org.openqa.selenium.chrome.ChromeDriver\nCommand: [14433ad8bd19c2bafcba0abb9d8e28d8, findElements {using=xpath, value=//*[normalize-space(@id)=\"header_container\"]/div[1]/div[2]/div}]\nCapabilities {acceptInsecureCerts: false, browserName: chrome, browserVersion: 122.0.6261.112, chrome: {chromedriverVersion: 122.0.6261.111 (9d4c1072da6..., userDataDir: C:\\Users\\DARYA_~1\\AppData\\L...}, fedcm:accounts: true, goog:chromeOptions: {debuggerAddress: localhost:49851}, networkConnectionEnabled: false, pageLoadStrategy: normal, platformName: windows, proxy: Proxy(), se:cdp: ws://localhost:49851/devtoo..., se:cdpVersion: 122.0.6261.112, setWindowRect: true, strictFileInteractability: false, timeouts: {implicit: 0, pageLoad: 300000, script: 30000}, unhandledPromptBehavior: dismiss and notify, webauthn:extension:credBlob: true, webauthn:extension:largeBlob: true, webauthn:extension:minPinLength: true, webauthn:extension:prf: true, webauthn:virtualAuthenticators: true}\nSession ID: 14433ad8bd19c2bafcba0abb9d8e28d8","time":{"start":1710003390600,"stop":1710003399547,"duration":8947}},{"uid":"2164dc6779bd17ca","status":"broken","statusDetails":"no such window: target window already closed\nfrom unknown error: web view not found\n  (Session info: chrome=122.0.6261.112)\nBuild info: version: '4.13.0', revision: 'ba948ece5b*'\nSystem info: os.name: 'Windows 10', os.arch: 'amd64', os.version: '10.0', java.version: '17.0.10'\nDriver info: org.openqa.selenium.chrome.ChromeDriver\nCommand: [1ec90d098b3cbb7a0bb8b3a34c54819a, findElements {using=xpath, value=//*[normalize-space(@id)=\"header_container\"]/div[1]/div[2]/div}]\nCapabilities {acceptInsecureCerts: false, browserName: chrome, browserVersion: 122.0.6261.112, chrome: {chromedriverVersion: 122.0.6261.111 (9d4c1072da6..., userDataDir: C:\\Users\\DARYA_~1\\AppData\\L...}, fedcm:accounts: true, goog:chromeOptions: {debuggerAddress: localhost:49762}, networkConnectionEnabled: false, pageLoadStrategy: normal, platformName: windows, proxy: Proxy(), se:cdp: ws://localhost:49762/devtoo..., se:cdpVersion: 122.0.6261.112, setWindowRect: true, strictFileInteractability: false, timeouts: {implicit: 0, pageLoad: 300000, script: 30000}, unhandledPromptBehavior: dismiss and notify, webauthn:extension:credBlob: true, webauthn:extension:largeBlob: true, webauthn:extension:minPinLength: true, webauthn:extension:prf: true, webauthn:virtualAuthenticators: true}\nSession ID: 1ec90d098b3cbb7a0bb8b3a34c54819a","time":{"start":1710003273210,"stop":1710003324755,"duration":51545}},{"uid":"60adbc18cf1922ab","status":"passed","time":{"start":1710003193334,"stop":1710003196092,"duration":2758}},{"uid":"fa8949f78c8446f3","status":"broken","statusDetails":"no such window: target window already closed\nfrom unknown error: web view not found\n  (Session info: chrome=122.0.6261.112)\nBuild info: version: '4.13.0', revision: 'ba948ece5b*'\nSystem info: os.name: 'Windows 10', os.arch: 'amd64', os.version: '10.0', java.version: '17.0.10'\nDriver info: org.openqa.selenium.chrome.ChromeDriver\nCommand: [9f0297cc667ff15a3cf7d49e09c52cfb, getCurrentWindowSize {}]\nCapabilities {acceptInsecureCerts: false, browserName: chrome, browserVersion: 122.0.6261.112, chrome: {chromedriverVersion: 122.0.6261.111 (9d4c1072da6..., userDataDir: C:\\Users\\DARYA_~1\\AppData\\L...}, fedcm:accounts: true, goog:chromeOptions: {debuggerAddress: localhost:49340}, networkConnectionEnabled: false, pageLoadStrategy: normal, platformName: windows, proxy: Proxy(), se:cdp: ws://localhost:49340/devtoo..., se:cdpVersion: 122.0.6261.112, setWindowRect: true, strictFileInteractability: false, timeouts: {implicit: 0, pageLoad: 300000, script: 30000}, unhandledPromptBehavior: dismiss and notify, webauthn:extension:credBlob: true, webauthn:extension:largeBlob: true, webauthn:extension:minPinLength: true, webauthn:extension:prf: true, webauthn:virtualAuthenticators: true}\nSession ID: 9f0297cc667ff15a3cf7d49e09c52cfb","time":{"start":1710002954747,"stop":1710002957528,"duration":2781}},{"uid":"89a87bdd050a5688","status":"passed","time":{"start":1710002623935,"stop":1710002626701,"duration":2766}},{"uid":"52258316e6d0142","status":"broken","statusDetails":"no such window: target window already closed\nfrom unknown error: web view not found\n  (Session info: chrome=122.0.6261.112)\nBuild info: version: '4.13.0', revision: 'ba948ece5b*'\nSystem info: os.name: 'Windows 10', os.arch: 'amd64', os.version: '10.0', java.version: '17.0.10'\nDriver info: org.openqa.selenium.chrome.ChromeDriver\nCommand: [385b81ff030d7f0b367253290c119631, findElements {using=xpath, value=//*[normalize-space(@id)=\"header_container\"]/div[1]/div[2]/div}]\nCapabilities {acceptInsecureCerts: false, browserName: chrome, browserVersion: 122.0.6261.112, chrome: {chromedriverVersion: 122.0.6261.111 (9d4c1072da6..., userDataDir: C:\\Users\\DARYA_~1\\AppData\\L...}, fedcm:accounts: true, goog:chromeOptions: {debuggerAddress: localhost:65454}, networkConnectionEnabled: false, pageLoadStrategy: normal, platformName: windows, proxy: Proxy(), se:cdp: ws://localhost:65454/devtoo..., se:cdpVersion: 122.0.6261.112, setWindowRect: true, strictFileInteractability: false, timeouts: {implicit: 0, pageLoad: 300000, script: 30000}, unhandledPromptBehavior: dismiss and notify, webauthn:extension:credBlob: true, webauthn:extension:largeBlob: true, webauthn:extension:minPinLength: true, webauthn:extension:prf: true, webauthn:virtualAuthenticators: true}\nSession ID: 385b81ff030d7f0b367253290c119631","time":{"start":1710002529000,"stop":1710002542008,"duration":13008}},{"uid":"b9e405fae5d7492f","status":"passed","time":{"start":1710002258407,"stop":1710002261100,"duration":2693}},{"uid":"38d1395640533ef2","status":"skipped","statusDetails":"The step is not implemented","time":{"start":1710002023412,"stop":1710002023440,"duration":28}},{"uid":"d0ecd4d9e6a7cf63","status":"passed","time":{"start":1710001810435,"stop":1710001813583,"duration":3148}},{"uid":"75e63a8601e8ac7f","status":"passed","time":{"start":1710000021187,"stop":1710000024349,"duration":3162}},{"uid":"4f1657d32a3b1551","status":"passed","time":{"start":1709999910608,"stop":1709999913676,"duration":3068}},{"uid":"d89437e0f45c27e1","status":"passed","time":{"start":1709999715027,"stop":1709999718208,"duration":3181}},{"uid":"cedeed51ca19fa47","status":"failed","statusDetails":"1) Search context is not set\r\n2) Search context is not set\r\n3) Search context is not set\r\n4) The input value to pass to the wait condition [The object is null]\r\n5) Checking if \"${current-page-url}\" is equal to \"https://www.saucedemo.com/inventory.html\" [Expected: \"https://www.saucedemo.com/inventory.html\" Actual: was \"${current-page-url}\"]\r\n6) Search context is not set","time":{"start":1709847312105,"stop":1709847312201,"duration":96}}]},"[batch: batch-1][stories-chain: file:/C:/Users/Darya_Sakel/IdeaProjects/vividus-training/output/resources/main/story/training/Task_6.story][scenario: Add item to the shopping cart [1] [1]-0]":{"statistic":{"failed":9,"broken":4,"skipped":1,"passed":9,"unknown":0,"total":23},"items":[{"uid":"1788e15e393b56ed","status":"passed","time":{"start":1710756647298,"stop":1710756651615,"duration":4317}},{"uid":"1f515fdf0cf03e72","status":"passed","time":{"start":1710756379111,"stop":1710756383467,"duration":4356}},{"uid":"2a13660d601ed531","status":"passed","time":{"start":1710098878478,"stop":1710098882674,"duration":4196}},{"uid":"81c97301caab927e","status":"passed","time":{"start":1710098593343,"stop":1710098597678,"duration":4335}},{"uid":"84dab2ea8e528e2f","status":"passed","time":{"start":1710098471597,"stop":1710098475934,"duration":4337}},{"uid":"3d4e328cca4dfe0c","status":"passed","time":{"start":1710097902339,"stop":1710097906656,"duration":4317}},{"uid":"6d5ee930ed00b44","status":"passed","time":{"start":1710097155646,"stop":1710097160061,"duration":4415}},{"uid":"bc39ff2d42367289","status":"passed","time":{"start":1710096645447,"stop":1710096649747,"duration":4300}},{"uid":"f26446866560e047","status":"broken","statusDetails":"Invalid locator format. Expected matches [(?:By\\.)?([a-zA-Z-]+)\\((.*)\\)(:(.*))?] Actual: [${back}]","time":{"start":1710096583024,"stop":1710096584303,"duration":1279}},{"uid":"880bc238b89e98eb","status":"broken","statusDetails":"Invalid locator format. Expected matches [(?:By\\.)?([a-zA-Z-]+)\\((.*)\\)(:(.*))?] Actual: [${back}]","time":{"start":1710096520978,"stop":1710096522244,"duration":1266}},{"uid":"df5aad1c2fb096b3","status":"failed","statusDetails":"1) Element to click is not found by the locator  Id: 'item_5_little_link'; Visibility: VISIBLE;\r\n2) The number of elements found by the locator  Button name: 'Add to cart'; Visibility: VISIBLE; is 5, but expected 1","time":{"start":1710095984384,"stop":1710095989945,"duration":5561}},{"uid":"e70df0ac4f8c9386","status":"failed","statusDetails":"1) Element to click is not found by the locator  Id: 'item_5_little_link'; Visibility: VISIBLE;\r\n2) The number of elements found by the locator  Button name: 'Add to cart'; Visibility: VISIBLE; is 5, but expected 1","time":{"start":1710095783270,"stop":1710095788873,"duration":5603}},{"uid":"2a12209818230b39","status":"failed","statusDetails":"1) Element to click is not found by the locator  Id: 'item_5_little_link'; Visibility: VISIBLE;\r\n2) The number of elements found by the locator  Button name: 'Add to cart'; Visibility: VISIBLE; is 5, but expected 1","time":{"start":1710093913607,"stop":1710093919127,"duration":5520}},{"uid":"26c596062ba053b7","status":"failed","statusDetails":"1) Element to click is not found by the locator  Id: '0'; Visibility: VISIBLE;\r\n2) The number of elements found by the locator  Button name: 'Add to cart'; Visibility: VISIBLE; is 5, but expected 1","time":{"start":1710093698514,"stop":1710093704005,"duration":5491}},{"uid":"ca16bc760da75e98","status":"passed","time":{"start":1710093319675,"stop":1710093320931,"duration":1256}},{"uid":"a29ffaded9050941","status":"failed","statusDetails":"1) The number of elements found by the locator  Element name: 'Sauce Labs Backpack'; Visibility: VISIBLE; is 2, but expected 1\r\n2) The number of elements found by the locator  Button name: 'Add to cart'; Visibility: VISIBLE; is 6, but expected 1","time":{"start":1710093207779,"stop":1710093211414,"duration":3635}},{"uid":"fd629dafeef45d68","status":"failed","statusDetails":"1) Element to click is not found by the locator  Field name: 'Sauce Labs Backpack'; Visibility: VISIBLE;\r\n2) The number of elements found by the locator  Button name: 'Add to cart'; Visibility: VISIBLE; is 6, but expected 1","time":{"start":1710093134968,"stop":1710093138633,"duration":3665}},{"uid":"a810be5abe9d99a2","status":"failed","statusDetails":"1) Element to click is not found by the locator  Field name: 'Sauce Labs Backpack'; Visibility: VISIBLE;\r\n2) Element to click is not found by the locator  Button name: 'Add to cart'; Visibility: VISIBLE;","time":{"start":1710093056412,"stop":1710093059740,"duration":3328}},{"uid":"ba228235c9ec0006","status":"failed","statusDetails":"1) Element to click is not found by the locator  Element name: 'Sauce Labs Backpack'; Visibility: VISIBLE;\r\n2) Element to click is not found by the locator  Button name: 'Add to cart'; Visibility: VISIBLE;","time":{"start":1710092927602,"stop":1710092930931,"duration":3329}},{"uid":"31f4624fc7ca6289","status":"broken","statusDetails":"Invalid locator format. Expected matches [(?:By\\.)?([a-zA-Z-]+)\\((.*)\\)(:(.*))?] Actual: [inventory_item_name(Sauce Labs Backpack)]","time":{"start":1710092820550,"stop":1710092820560,"duration":10}}]},"[batch: batch-1][stories-chain: file:/C:/Users/Darya_Sakel/IdeaProjects/vividus-training/output/resources/main/story/training/Task_3.story][scenario: Navigate to the website homepage-0]":{"statistic":{"failed":0,"broken":0,"skipped":4,"passed":12,"unknown":0,"total":16},"items":[{"uid":"44e67bddd34a5e5d","status":"passed","time":{"start":1710165313524,"stop":1710165332335,"duration":18811}},{"uid":"c2ad744425b9747d","status":"passed","time":{"start":1710004782507,"stop":1710004798209,"duration":15702}},{"uid":"3b306d758b755ae","status":"passed","time":{"start":1710003458890,"stop":1710003467767,"duration":8877}},{"uid":"b62ae9b2610e3354","status":"passed","time":{"start":1710003375111,"stop":1710003390550,"duration":15439}},{"uid":"40e46b12abbfe58a","status":"passed","time":{"start":1710003268185,"stop":1710003273142,"duration":4957}},{"uid":"77f7e64dd658f929","status":"passed","time":{"start":1710003183721,"stop":1710003193277,"duration":9556}},{"uid":"c939683e38240082","status":"passed","time":{"start":1710002949642,"stop":1710002954690,"duration":5048}},{"uid":"3466030e0a7ee2da","status":"passed","time":{"start":1710002618506,"stop":1710002623863,"duration":5357}},{"uid":"5128a91f58b676f2","status":"passed","time":{"start":1710002514629,"stop":1710002528954,"duration":14325}},{"uid":"f8ac9905f264e989","status":"passed","time":{"start":1710002253076,"stop":1710002258356,"duration":5280}},{"uid":"4046c7c245b033e7","status":"skipped","statusDetails":"The step is not implemented","time":{"start":1710002010805,"stop":1710002023351,"duration":12546}},{"uid":"546f3423e6e827c9","status":"passed","time":{"start":1710001807198,"stop":1710001810376,"duration":3178}},{"uid":"de2ea00cf7bba21f","status":"passed","time":{"start":1710000017827,"stop":1710000021119,"duration":3292}},{"uid":"7f513ddf72a5cfd","status":"skipped","statusDetails":"The step is not implemented","time":{"start":1709999898417,"stop":1709999910539,"duration":12122}},{"uid":"89690a3682ece8d1","status":"skipped","statusDetails":"The step is not implemented","time":{"start":1709999708230,"stop":1709999714985,"duration":6755}},{"uid":"e4b1383c0580ea0c","status":"skipped","statusDetails":"The step is not implemented","time":{"start":1709847311995,"stop":1709847312039,"duration":44}}]},"[batch: batch-1][stories-chain: file:/C:/Users/Darya_Sakel/IdeaProjects/vividus-training/output/resources/main/story/training/Task_5.story][scenario: Navigate to the website homepage-0]":{"statistic":{"failed":0,"broken":4,"skipped":0,"passed":51,"unknown":0,"total":55},"items":[{"uid":"b9cfff368678b758","status":"passed","time":{"start":1712745153884,"stop":1712745168237,"duration":14353}},{"uid":"5ce7672054ee6c62","status":"passed","time":{"start":1712744995887,"stop":1712745001164,"duration":5277}},{"uid":"d87e3835660c8d3a","status":"passed","time":{"start":1712744864787,"stop":1712744879099,"duration":14312}},{"uid":"a26d576f5a08600","status":"passed","time":{"start":1712744569001,"stop":1712744583547,"duration":14546}},{"uid":"bb57382f386547a","status":"passed","time":{"start":1712744434418,"stop":1712744449160,"duration":14742}},{"uid":"820ddea01c02718b","status":"passed","time":{"start":1712744178346,"stop":1712744192367,"duration":14021}},{"uid":"2b5b5e0e8a50435d","status":"passed","time":{"start":1712743993240,"stop":1712743999022,"duration":5782}},{"uid":"dd2e664479012d04","status":"passed","time":{"start":1712743841430,"stop":1712743855242,"duration":13812}},{"uid":"b7ec7af97e39e286","status":"passed","time":{"start":1712743671033,"stop":1712743676597,"duration":5564}},{"uid":"e617c7750116e166","status":"passed","time":{"start":1712743509006,"stop":1712743523406,"duration":14400}},{"uid":"ab4f5281865c150d","status":"passed","time":{"start":1712743335950,"stop":1712743341044,"duration":5094}},{"uid":"502889ab0ef8e1a7","status":"passed","time":{"start":1712743104096,"stop":1712743118739,"duration":14643}},{"uid":"2475a5bd619a7684","status":"passed","time":{"start":1712743016620,"stop":1712743030275,"duration":13655}},{"uid":"af2ca9b8d0b94302","status":"passed","time":{"start":1712742871508,"stop":1712742876981,"duration":5473}},{"uid":"a42034ca962ad4d","status":"passed","time":{"start":1712742692085,"stop":1712742697420,"duration":5335}},{"uid":"baae4a145a4e3baa","status":"passed","time":{"start":1712742183749,"stop":1712742192605,"duration":8856}},{"uid":"c4297c8cb9cdd743","status":"passed","time":{"start":1710234238021,"stop":1710234247512,"duration":9491}},{"uid":"1709e4dda9b8bc07","status":"passed","time":{"start":1710234066528,"stop":1710234074686,"duration":8158}},{"uid":"4ae91f9a337930","status":"passed","time":{"start":1710168736311,"stop":1710168755905,"duration":19594}},{"uid":"1549a32e24d3eca7","status":"broken","statusDetails":"no such window: target window already closed\nfrom unknown error: web view not found\n  (Session info: chrome=122.0.6261.112)\nBuild info: version: '4.13.0', revision: 'ba948ece5b*'\nSystem info: os.name: 'Windows 10', os.arch: 'amd64', os.version: '10.0', java.version: '17.0.10'\nDriver info: org.openqa.selenium.chrome.ChromeDriver\nCommand: [c1f55692263beab3450e9554d1c9f4ff, executeScript {script=return {userAgent: navigator.userAgent,devicePixelRatio: window.devicePixelRatio}, args=[]}]\nCapabilities {acceptInsecureCerts: false, browserName: chrome, browserVersion: 122.0.6261.112, chrome: {chromedriverVersion: 122.0.6261.111 (9d4c1072da6..., userDataDir: C:\\Users\\DARYA_~1\\AppData\\L...}, fedcm:accounts: true, goog:chromeOptions: {debuggerAddress: localhost:56568}, networkConnectionEnabled: false, pageLoadStrategy: normal, platformName: windows, proxy: Proxy(), se:cdp: ws://localhost:56568/devtoo..., se:cdpVersion: 122.0.6261.112, setWindowRect: true, strictFileInteractability: false, timeouts: {implicit: 0, pageLoad: 300000, script: 30000}, unhandledPromptBehavior: dismiss and notify, webauthn:extension:credBlob: true, webauthn:extension:largeBlob: true, webauthn:extension:minPinLength: true, webauthn:extension:prf: true, webauthn:virtualAuthenticators: true}\nSession ID: c1f55692263beab3450e9554d1c9f4ff","time":{"start":1710168697063,"stop":1710168700066,"duration":3003}}]},"[batch: batch-1][stories-chain: file:/C:/Users/Darya_Sakel/IdeaProjects/vividus-training/output/resources/main/story/training/Task_4.story][scenario: Navigate to the website homepage-0]":{"statistic":{"failed":4,"broken":12,"skipped":0,"passed":9,"unknown":0,"total":25},"items":[{"uid":"1f0c779683f3649d","status":"passed","time":{"start":1710165111803,"stop":1710165118236,"duration":6433}},{"uid":"1cbb8c175ffbdce1","status":"passed","time":{"start":1710064640394,"stop":1710064645677,"duration":5283}},{"uid":"d3b9f6014acbb9cf","status":"passed","time":{"start":1710064339524,"stop":1710064352673,"duration":13149}},{"uid":"27641ffd99500f38","status":"passed","time":{"start":1710064269545,"stop":1710064274287,"duration":4742}},{"uid":"2b34043e29812c75","status":"passed","time":{"start":1710063791746,"stop":1710063804824,"duration":13078}},{"uid":"9d9d70e8fee682d1","status":"passed","time":{"start":1710063492590,"stop":1710063505990,"duration":13400}},{"uid":"5c4865fe3f454931","status":"passed","time":{"start":1710062950195,"stop":1710062963461,"duration":13266}},{"uid":"df7a8ffc16b46f38","status":"passed","time":{"start":1710062830341,"stop":1710062843500,"duration":13159}},{"uid":"51c08546f01765c","status":"passed","time":{"start":1710062580861,"stop":1710062594792,"duration":13931}},{"uid":"4ddeb02883959e27","status":"failed","statusDetails":"1) Visual check passed [The condition is false]","time":{"start":1710062446707,"stop":1710062451806,"duration":5099}},{"uid":"6f45f66ae3aff425","status":"failed","statusDetails":"1) Visual check passed [The condition is false]","time":{"start":1710062081354,"stop":1710062095342,"duration":13988}},{"uid":"30ed543db416cd9d","status":"failed","statusDetails":"1) Unable to find baseline with name: homepage","time":{"start":1710061771842,"stop":1710061786692,"duration":14850}},{"uid":"7ad6e93fb4b6142c","status":"failed","statusDetails":"1) Unable to find baseline with name: $homepage","time":{"start":1710061508639,"stop":1710061513442,"duration":4803}},{"uid":"7f6333e66bf1943d","status":"broken","statusDetails":"Failed to convert ____BASELINEACTION__ for Enum org.vividus.visual.model.VisualActionType","time":{"start":1710058108434,"stop":1710058112234,"duration":3800}},{"uid":"37bdac249e316997","status":"broken","statusDetails":"Failed to convert _BASELINEACTION for Enum org.vividus.visual.model.VisualActionType","time":{"start":1710010249727,"stop":1710010262374,"duration":12647}},{"uid":"2c83e9e47b020e86","status":"broken","statusDetails":"Failed to convert _BASELINEACTION for Enum org.vividus.visual.model.VisualActionType","time":{"start":1710010108375,"stop":1710010120564,"duration":12189}},{"uid":"9208f9b6e63a6bb2","status":"broken","statusDetails":"Failed to convert _BASELINEACTION for Enum org.vividus.visual.model.VisualActionType","time":{"start":1710009987255,"stop":1710009990657,"duration":3402}},{"uid":"5f5d1a568bd46fc1","status":"broken","statusDetails":"Failed to convert _BASELINEACTION for Enum org.vividus.visual.model.VisualActionType","time":{"start":1710009666501,"stop":1710009670174,"duration":3673}},{"uid":"12a201c94c69313a","status":"broken","statusDetails":"Failed to convert _VARIABLES_BASELINEACTION for Enum org.vividus.visual.model.VisualActionType","time":{"start":1710009494420,"stop":1710009506745,"duration":12325}},{"uid":"e3d39c0b4b1f3c59","status":"broken","statusDetails":"Unable to map [ACCEPTABLE_DIFF_PERCENTAGE] field(s) for type class org.vividus.ui.web.screenshot.WebScreenshotConfiguration","time":{"start":1710009396976,"stop":1710009404495,"duration":7519}}]},"[batch: batch-1][stories-chain: file:/C:/Users/Darya_Sakel/IdeaProjects/vividus-training/output/resources/main/story/training/Task_2.story][scenario: Log in as a Good User-0]":{"statistic":{"failed":5,"broken":10,"skipped":0,"passed":3,"unknown":0,"total":18},"items":[{"uid":"d12c38f7a2241a57","status":"passed","time":{"start":1710065477264,"stop":1710065480129,"duration":2865}},{"uid":"349cdde68c7c14ec","status":"passed","time":{"start":1709843495744,"stop":1709843498636,"duration":2892}},{"uid":"95f4c884047176a9","status":"broken","statusDetails":"Unsupported locator type: class","time":{"start":1709843441084,"stop":1709843442056,"duration":972}},{"uid":"1ff1371774a1a67d","status":"failed","statusDetails":"1) The number of found elements [Expected: number of elements is a value equal to <6> Actual: <0>]","time":{"start":1709843178342,"stop":1709843183883,"duration":5541}},{"uid":"c01d367329fa83a3","status":"failed","statusDetails":"1) The number of found elements [Expected: number of elements is a value equal to <6> Actual: <1>]","time":{"start":1709842435122,"stop":1709842439613,"duration":4491}},{"uid":"3694d20621d3d54c","status":"broken","statusDetails":"Invalid locator format. Expected matches [(?:By\\.)?([a-zA-Z-]+)\\((.*)\\)(:(.*))?] Actual: [//*[@id=\"inventory_container\"]/div/div[3]]","time":{"start":1709842369285,"stop":1709842370233,"duration":948}},{"uid":"e4bc28314aaf6cc1","status":"broken","statusDetails":"Invalid locator format. Expected matches [(?:By\\.)?([a-zA-Z-]+)\\((.*)\\)(:(.*))?] Actual: [Add to cart]","time":{"start":1709842224684,"stop":1709842225952,"duration":1268}},{"uid":"def4d140a9a85fe6","status":"failed","statusDetails":"1) The number of found elements [Expected: number of elements is a value equal to <6> Actual: <2>]","time":{"start":1709841890036,"stop":1709841894764,"duration":4728}},{"uid":"3b88e077f82c7cd8","status":"failed","statusDetails":"1) The number of found elements [Expected: number of elements is a value equal to <6> Actual: <2>]","time":{"start":1709841583002,"stop":1709841587572,"duration":4570}},{"uid":"ebdcacaf383d972e","status":"failed","statusDetails":"1) The number of found elements [Expected: number of elements is a value equal to <6> Actual: <2>]","time":{"start":1709841490754,"stop":1709841495369,"duration":4615}},{"uid":"f63ce8f8118ff18c","status":"broken","statusDetails":"invalid selector: Unable to locate an element with the xpath expression $//*[normalize-space(@id)=\"inventory_container\"] because of the following error:\nSyntaxError: Failed to execute 'evaluate' on 'Document': The string '$//*[normalize-space(@id)=\"inventory_container\"]' is not a valid XPath expression.\n  (Session info: chrome=122.0.6261.111)\nFor documentation on this error, please visit: https://www.selenium.dev/documentation/webdriver/troubleshooting/errors#invalid-selector-exception\nBuild info: version: '4.13.0', revision: 'ba948ece5b*'\nSystem info: os.name: 'Windows 10', os.arch: 'amd64', os.version: '10.0', java.version: '17.0.10'\nDriver info: org.openqa.selenium.chrome.ChromeDriver\nCommand: [0d496b2b2f21be7fb66b51c9c9cd0616, findElements {using=xpath, value=$//*[normalize-space(@id)=\"inventory_container\"]}]\nCapabilities {acceptInsecureCerts: false, browserName: chrome, browserVersion: 122.0.6261.111, chrome: {chromedriverVersion: 122.0.6261.94 (880dbf29479c..., userDataDir: C:\\Users\\DARYA_~1\\AppData\\L...}, fedcm:accounts: true, goog:chromeOptions: {debuggerAddress: localhost:56199}, networkConnectionEnabled: false, pageLoadStrategy: normal, platformName: windows, proxy: Proxy(), se:cdp: ws://localhost:56199/devtoo..., se:cdpVersion: 122.0.6261.111, setWindowRect: true, strictFileInteractability: false, timeouts: {implicit: 0, pageLoad: 300000, script: 30000}, unhandledPromptBehavior: dismiss and notify, webauthn:extension:credBlob: true, webauthn:extension:largeBlob: true, webauthn:extension:minPinLength: true, webauthn:extension:prf: true, webauthn:virtualAuthenticators: true}\nSession ID: 0d496b2b2f21be7fb66b51c9c9cd0616","time":{"start":1709841157436,"stop":1709841158442,"duration":1006}},{"uid":"d7bcb9630a65fcdd","status":"broken","statusDetails":"invalid selector: Unable to locate an element with the xpath expression $//*[normalize-space(@id)=\"inventory_container\"]/div/div[1] because of the following error:\nSyntaxError: Failed to execute 'evaluate' on 'Document': The string '$//*[normalize-space(@id)=\"inventory_container\"]/div/div[1]' is not a valid XPath expression.\n  (Session info: chrome=122.0.6261.111)\nFor documentation on this error, please visit: https://www.selenium.dev/documentation/webdriver/troubleshooting/errors#invalid-selector-exception\nBuild info: version: '4.13.0', revision: 'ba948ece5b*'\nSystem info: os.name: 'Windows 10', os.arch: 'amd64', os.version: '10.0', java.version: '17.0.10'\nDriver info: org.openqa.selenium.chrome.ChromeDriver\nCommand: [0af119bf360d0bf829ff57ee36abd80c, findElements {using=xpath, value=$//*[normalize-space(@id)=\"inventory_container\"]/div/div[1]}]\nCapabilities {acceptInsecureCerts: false, browserName: chrome, browserVersion: 122.0.6261.111, chrome: {chromedriverVersion: 122.0.6261.94 (880dbf29479c..., userDataDir: C:\\Users\\DARYA_~1\\AppData\\L...}, fedcm:accounts: true, goog:chromeOptions: {debuggerAddress: localhost:55994}, networkConnectionEnabled: false, pageLoadStrategy: normal, platformName: windows, proxy: Proxy(), se:cdp: ws://localhost:55994/devtoo..., se:cdpVersion: 122.0.6261.111, setWindowRect: true, strictFileInteractability: false, timeouts: {implicit: 0, pageLoad: 300000, script: 30000}, unhandledPromptBehavior: dismiss and notify, webauthn:extension:credBlob: true, webauthn:extension:largeBlob: true, webauthn:extension:minPinLength: true, webauthn:extension:prf: true, webauthn:virtualAuthenticators: true}\nSession ID: 0af119bf360d0bf829ff57ee36abd80c","time":{"start":1709840925903,"stop":1709840926875,"duration":972}},{"uid":"a382a0dc025f8ad2","status":"broken","statusDetails":"Failed to convert _EQUAL for Enum org.vividus.steps.ComparisonRule","time":{"start":1709840869343,"stop":1709840870362,"duration":1019}},{"uid":"ccfd08bcc7e37804","status":"broken","statusDetails":"Failed to convert __ for Enum org.vividus.steps.ComparisonRule","time":{"start":1709840767751,"stop":1709840768705,"duration":954}},{"uid":"cc1ca7d788fff528","status":"passed","time":{"start":1709839989601,"stop":1709839992287,"duration":2686}},{"uid":"cfab6c31efb9b421","status":"broken","statusDetails":"Failed to convert EQUAL_TO__HTTPS___WWW_SAUCEDEMO_COM_INVENTORY_HTML___NUMBER_OF_ELEMENTS_FOUND_BY__XPATH______ID__INVENTORY_CONTAINER___DIV_DIV_1____IS_EQUAL_TO for Enum org.vividus.steps.ComparisonRule","time":{"start":1709839900511,"stop":1709839901465,"duration":954}},{"uid":"ccc58284e16b4f7","status":"broken","statusDetails":"no such window: target window already closed\nfrom unknown error: web view not found\n  (Session info: chrome=122.0.6261.111)\nBuild info: version: '4.13.0', revision: 'ba948ece5b*'\nSystem info: os.name: 'Windows 10', os.arch: 'amd64', os.version: '10.0', java.version: '17.0.10'\nDriver info: org.openqa.selenium.chrome.ChromeDriver\nCommand: [eff5ba1d58d340738485be8a08ee5b64, findElements {using=xpath, value=//*[normalize-space(@id)=\"header_container\"]/div[1]/div[2]/div}]\nCapabilities {acceptInsecureCerts: false, browserName: chrome, browserVersion: 122.0.6261.111, chrome: {chromedriverVersion: 122.0.6261.94 (880dbf29479c..., userDataDir: C:\\Users\\DARYA_~1\\AppData\\L...}, fedcm:accounts: true, goog:chromeOptions: {debuggerAddress: localhost:54850}, networkConnectionEnabled: false, pageLoadStrategy: normal, platformName: windows, proxy: Proxy(), se:cdp: ws://localhost:54850/devtoo..., se:cdpVersion: 122.0.6261.111, setWindowRect: true, strictFileInteractability: false, timeouts: {implicit: 0, pageLoad: 300000, script: 30000}, unhandledPromptBehavior: dismiss and notify, webauthn:extension:credBlob: true, webauthn:extension:largeBlob: true, webauthn:extension:minPinLength: true, webauthn:extension:prf: true, webauthn:virtualAuthenticators: true}\nSession ID: eff5ba1d58d340738485be8a08ee5b64","time":{"start":1709839780573,"stop":1709839793640,"duration":13067}},{"uid":"53192cdbb062c02d","status":"broken","statusDetails":"no such window: target window already closed\nfrom unknown error: web view not found\n  (Session info: chrome=122.0.6261.111)\nBuild info: version: '4.13.0', revision: 'ba948ece5b*'\nSystem info: os.name: 'Windows 10', os.arch: 'amd64', os.version: '10.0', java.version: '17.0.10'\nDriver info: org.openqa.selenium.chrome.ChromeDriver\nCommand: [384675be34249cae606dce1f9ef397ad, findElements {using=xpath, value=//*[normalize-space(@id)=\"header_container\"]/div[1]/div[2]/div}]\nCapabilities {acceptInsecureCerts: false, browserName: chrome, browserVersion: 122.0.6261.111, chrome: {chromedriverVersion: 122.0.6261.94 (880dbf29479c..., userDataDir: C:\\Users\\DARYA_~1\\AppData\\L...}, fedcm:accounts: true, goog:chromeOptions: {debuggerAddress: localhost:54719}, networkConnectionEnabled: false, pageLoadStrategy: normal, platformName: windows, proxy: Proxy(), se:cdp: ws://localhost:54719/devtoo..., se:cdpVersion: 122.0.6261.111, setWindowRect: true, strictFileInteractability: false, timeouts: {implicit: 0, pageLoad: 300000, script: 30000}, unhandledPromptBehavior: dismiss and notify, webauthn:extension:credBlob: true, webauthn:extension:largeBlob: true, webauthn:extension:minPinLength: true, webauthn:extension:prf: true, webauthn:virtualAuthenticators: true}\nSession ID: 384675be34249cae606dce1f9ef397ad","time":{"start":1709839653284,"stop":1709839671800,"duration":18516}}]},"[batch: batch-1][stories-chain: file:/C:/Users/Darya_Sakel/IdeaProjects/vividus-training/output/resources/main/story/demo/Homepage_Demo.story][scenario: Navigate to the SauceDemo website homepage-0]":{"statistic":{"failed":0,"broken":1,"skipped":0,"passed":6,"unknown":0,"total":7},"items":[{"uid":"e0dcb6853a268407","status":"passed","time":{"start":1710008654568,"stop":1710008659787,"duration":5219}},{"uid":"55e39e3a26199e9c","status":"passed","time":{"start":1710008488540,"stop":1710008494616,"duration":6076}},{"uid":"95be9c0dd6185389","status":"passed","time":{"start":1709839529440,"stop":1709839534724,"duration":5284}},{"uid":"a574507c0ccdfb","status":"broken","statusDetails":"no such window: target window already closed\nfrom unknown error: web view not found\n  (Session info: chrome=122.0.6261.111)\nBuild info: version: '4.13.0', revision: 'ba948ece5b*'\nSystem info: os.name: 'Windows 10', os.arch: 'amd64', os.version: '10.0', java.version: '17.0.10'\nDriver info: org.openqa.selenium.chrome.ChromeDriver\nCommand: [489539c9d7743658c44ee73415d628dc, executeScript {script=return {userAgent: navigator.userAgent,devicePixelRatio: window.devicePixelRatio}, args=[]}]\nCapabilities {acceptInsecureCerts: false, browserName: chrome, browserVersion: 122.0.6261.111, chrome: {chromedriverVersion: 122.0.6261.94 (880dbf29479c..., userDataDir: C:\\Users\\DARYA_~1\\AppData\\L...}, fedcm:accounts: true, goog:chromeOptions: {debuggerAddress: localhost:54528}, networkConnectionEnabled: false, pageLoadStrategy: normal, platformName: windows, proxy: Proxy(), se:cdp: ws://localhost:54528/devtoo..., se:cdpVersion: 122.0.6261.111, setWindowRect: true, strictFileInteractability: false, timeouts: {implicit: 0, pageLoad: 300000, script: 30000}, unhandledPromptBehavior: dismiss and notify, webauthn:extension:credBlob: true, webauthn:extension:largeBlob: true, webauthn:extension:minPinLength: true, webauthn:extension:prf: true, webauthn:virtualAuthenticators: true}\nSession ID: 489539c9d7743658c44ee73415d628dc","time":{"start":1709839489603,"stop":1709839495616,"duration":6013}},{"uid":"9acc72182400bc46","status":"passed","time":{"start":1709838290068,"stop":1709838307010,"duration":16942}},{"uid":"1028452a6c8a8945","status":"passed","time":{"start":1709837845368,"stop":1709837862736,"duration":17368}},{"uid":"98768b3383de26c6","status":"passed","time":{"start":1709823777707,"stop":1709823798713,"duration":21006}}]},"[batch: batch-1][stories-chain: file:/C:/Users/Darya_Sakel/IdeaProjects/vividus-training/output/resources/main/story/training/Task_6.story][scenario: Add item to the shopping cart [2] [1]-0]":{"statistic":{"failed":5,"broken":4,"skipped":1,"passed":2,"unknown":0,"total":12},"items":[{"uid":"dc2ae6cfb8e6b02d","status":"passed","time":{"start":1710756392974,"stop":1710756407257,"duration":14283}},{"uid":"3af82ad864e4dfd6","status":"passed","time":{"start":1710098891955,"stop":1710098906225,"duration":14270}},{"uid":"b5a03ecef3d9d007","status":"broken","statusDetails":"Error communicating with the remote browser. It may have died.\nBuild info: version: '4.13.0', revision: 'ba948ece5b*'\nSystem info: os.name: 'Windows 10', os.arch: 'amd64', os.version: '10.0', java.version: '17.0.10'\nDriver info: org.openqa.selenium.chrome.ChromeDriver\nCommand: [3595757358107e46d779e5dd24788a4b, findElements [using, value]]\nCapabilities {acceptInsecureCerts: false, browserName: chrome, browserVersion: 122.0.6261.112, chrome: {chromedriverVersion: 122.0.6261.111 (9d4c1072da6..., userDataDir: C:\\Users\\DARYA_~1\\AppData\\L...}, fedcm:accounts: true, goog:chromeOptions: {debuggerAddress: localhost:52636}, networkConnectionEnabled: false, pageLoadStrategy: normal, platformName: windows, proxy: Proxy(), se:cdp: ws://localhost:52636/devtoo..., se:cdpVersion: 122.0.6261.112, setWindowRect: true, strictFileInteractability: false, timeouts: {implicit: 0, pageLoad: 300000, script: 30000}, unhandledPromptBehavior: dismiss and notify, webauthn:extension:credBlob: true, webauthn:extension:largeBlob: true, webauthn:extension:minPinLength: true, webauthn:extension:prf: true, webauthn:virtualAuthenticators: true}\nSession ID: 3595757358107e46d779e5dd24788a4b","time":{"start":1710093707991,"stop":1710093708006,"duration":15}},{"uid":"f2ed7eac01521d35","status":"failed","statusDetails":"1) Element to click is not found by the locator  Button name: 'Add to cart'; Visibility: VISIBLE;","time":{"start":1710093328608,"stop":1710093331032,"duration":2424}},{"uid":"ad0ed4533873af61","status":"broken","statusDetails":"Error communicating with the remote browser. It may have died.\nBuild info: version: '4.13.0', revision: 'ba948ece5b*'\nSystem info: os.name: 'Windows 10', os.arch: 'amd64', os.version: '10.0', java.version: '17.0.10'\nDriver info: org.openqa.selenium.chrome.ChromeDriver\nCommand: [c68d7e8cc873fe84d9989d7f4cae9fe9, findElements [using, value]]\nCapabilities {acceptInsecureCerts: false, browserName: chrome, browserVersion: 122.0.6261.112, chrome: {chromedriverVersion: 122.0.6261.111 (9d4c1072da6..., userDataDir: C:\\Users\\DARYA_~1\\AppData\\L...}, fedcm:accounts: true, goog:chromeOptions: {debuggerAddress: localhost:52145}, networkConnectionEnabled: false, pageLoadStrategy: normal, platformName: windows, proxy: Proxy(), se:cdp: ws://localhost:52145/devtoo..., se:cdpVersion: 122.0.6261.112, setWindowRect: true, strictFileInteractability: false, timeouts: {implicit: 0, pageLoad: 300000, script: 30000}, unhandledPromptBehavior: dismiss and notify, webauthn:extension:credBlob: true, webauthn:extension:largeBlob: true, webauthn:extension:minPinLength: true, webauthn:extension:prf: true, webauthn:virtualAuthenticators: true}\nSession ID: c68d7e8cc873fe84d9989d7f4cae9fe9","time":{"start":1710093215751,"stop":1710093215761,"duration":10}},{"uid":"1f90a906a67850c8","status":"failed","statusDetails":"1) Element to click is not found by the locator  Field name: 'Sauce Labs Backpack'; Visibility: VISIBLE;\r\n2) The number of elements found by the locator  Button name: 'Add to cart'; Visibility: VISIBLE; is 6, but expected 1","time":{"start":1710093146325,"stop":1710093149873,"duration":3548}},{"uid":"36180900347758c9","status":"failed","statusDetails":"1) Element to click is not found by the locator  Field name: 'Sauce Labs Backpack'; Visibility: VISIBLE;\r\n2) Element to click is not found by the locator  Button name: 'Add to cart'; Visibility: VISIBLE;","time":{"start":1710093061745,"stop":1710093064818,"duration":3073}},{"uid":"d39ce2bd0447f208","status":"failed","statusDetails":"1) Element to click is not found by the locator  Element name: 'Sauce Labs Backpack'; Visibility: VISIBLE;\r\n2) Element to click is not found by the locator  Button name: 'Add to cart'; Visibility: VISIBLE;","time":{"start":1710092932952,"stop":1710092936077,"duration":3125}},{"uid":"d890ab77d9c8d472","status":"broken","statusDetails":"Invalid locator format. Expected matches [(?:By\\.)?([a-zA-Z-]+)\\((.*)\\)(:(.*))?] Actual: [inventory_item_name(Sauce Labs Backpack)]","time":{"start":1710092822625,"stop":1710092822629,"duration":4}},{"uid":"63c84bd6e800be14","status":"broken","statusDetails":"Compound class names not permitted\nFor documentation on this error, please visit: https://www.selenium.dev/documentation/webdriver/troubleshooting/errors#invalid-selector-exception\nBuild info: version: '4.13.0', revision: 'ba948ece5b*'\nSystem info: os.name: 'Windows 10', os.arch: 'amd64', os.version: '10.0', java.version: '17.0.10'\nDriver info: driver.version: unknown","time":{"start":1710092736897,"stop":1710092736902,"duration":5}},{"uid":"15973f1a4bebff8f","status":"failed","statusDetails":"1) Element to click is not found by the locator  Element name: 'Sauce Labs Backpack'; Visibility: VISIBLE;\r\n2) Element to click is not found by the locator  Button name: 'Add to cart'; Visibility: VISIBLE;","time":{"start":1710092562054,"stop":1710092565118,"duration":3064}},{"uid":"e4399ad2b9f569e4","status":"skipped","statusDetails":"The step is not implemented","time":{"start":1710092041855,"stop":1710092041857,"duration":2}}]},"[batch: batch-1][stories-chain: file:/C:/Users/Darya_Sakel/IdeaProjects/vividus-training/output/resources/main/story/training/Task_6.story][scenario: Log Out\n<div class=\"inventory_item_name \">Sauce Labs Backpack</div> [1]-0]":{"statistic":{"failed":0,"broken":0,"skipped":0,"passed":1,"unknown":0,"total":1},"items":[{"uid":"92870b4219348aeb","status":"passed","time":{"start":1710095989954,"stop":1710095989957,"duration":3}}]},"[batch: batch-1][stories-chain: file:/C:/Users/Darya_Sakel/IdeaProjects/vividus-training/output/resources/main/story/training/Task_5.story][scenario: Log in as Locked User-0]":{"statistic":{"failed":41,"broken":4,"skipped":0,"passed":1,"unknown":1,"total":47},"items":[{"uid":"35ea7cb8a841136e","status":"unknown","statusDetails":"1) Known issue: BUG-001 (Type: INTERNAL. Status: UNKNOWN). Checking if \"https://www.saucedemo.com/\" is equal to \"https://www.saucedemo.com/inventory.html\" [Expected: \"https://www.saucedemo.com/inventory.html\" Actual: was \"https://www.saucedemo.com/\"]\r\n2) Known issue: BUG-002 (Type: INTERNAL. Status: UNKNOWN). Number of elements found by ' Class name: 'inventory_item'; Visibility: VISIBLE;' is equal to 6 [Expected: number of elements is a value equal to <6> Actual: <0>]","time":{"start":1712745168298,"stop":1712745172489,"duration":4191}},{"uid":"c728a0bb626841b3","status":"failed","statusDetails":"1) Potentially known issue: BUG-001 (Type: INTERNAL. Status: UNKNOWN). Checking if \"https://www.saucedemo.com/\" is equal to \"https://www.saucedemo.com/inventory.html\" [Expected: \"https://www.saucedemo.com/inventory.html\" Actual: was \"https://www.saucedemo.com/\"]\r\n2) Known issue: BUG-002 (Type: INTERNAL. Status: UNKNOWN). Number of elements found by ' Class name: 'inventory_item'; Visibility: VISIBLE;' is equal to 6 [Expected: number of elements is a value equal to <6> Actual: <0>]","time":{"start":1712745001217,"stop":1712745005430,"duration":4213}},{"uid":"27b3a19dbe1fb24b","status":"failed","statusDetails":"1) Checking if \"https://www.saucedemo.com/\" is equal to \"https://www.saucedemo.com/inventory.html\" [Expected: \"https://www.saucedemo.com/inventory.html\" Actual: was \"https://www.saucedemo.com/\"]\r\n2) Known issue: BUG-002 (Type: INTERNAL. Status: UNKNOWN). Number of elements found by ' Class name: 'inventory_item'; Visibility: VISIBLE;' is equal to 6 [Expected: number of elements is a value equal to <6> Actual: <0>]","time":{"start":1712744879143,"stop":1712744883255,"duration":4112}},{"uid":"2e045b51fcaecd7","status":"failed","statusDetails":"1) Potentially known issue: BUG-001 (Type: INTERNAL. Status: UNKNOWN). Checking if \"https://www.saucedemo.com/\" is equal to \"https://www.saucedemo.com/inventory.html\" [Expected: \"https://www.saucedemo.com/inventory.html\" Actual: was \"https://www.saucedemo.com/\"]\r\n2) Known issue: BUG-002 (Type: INTERNAL. Status: UNKNOWN). Number of elements found by ' Class name: 'inventory_item'; Visibility: VISIBLE;' is equal to 6 [Expected: number of elements is a value equal to <6> Actual: <0>]","time":{"start":1712744583591,"stop":1712744587660,"duration":4069}},{"uid":"858dc49d74d65739","status":"failed","statusDetails":"1) Checking if \"https://www.saucedemo.com/\" is equal to \"https://www.saucedemo.com/inventory.html\" [Expected: \"https://www.saucedemo.com/inventory.html\" Actual: was \"https://www.saucedemo.com/\"]\r\n2) The number of found elements [Expected: number of elements is a value equal to <6> Actual: <0>]","time":{"start":1712744449215,"stop":1712744453298,"duration":4083}},{"uid":"d4edaa75cfa5d29b","status":"failed","statusDetails":"1) Potentially known issue: BUG-001 (Type: INTERNAL. Status: UNKNOWN). Checking if \"https://www.saucedemo.com/\" is equal to \"https://www.saucedemo.com/inventory.html\" [Expected: \"https://www.saucedemo.com/inventory.html\" Actual: was \"https://www.saucedemo.com/\"]\r\n2) Known issue: BUG-002 (Type: INTERNAL. Status: UNKNOWN). Number of elements found by ' Class name: 'inventory_item'; Visibility: VISIBLE;' is equal to 6 [Expected: number of elements is a value equal to <6> Actual: <0>]","time":{"start":1712744192434,"stop":1712744196632,"duration":4198}},{"uid":"3daf4a5f70eb1df4","status":"failed","statusDetails":"1) Potentially known issue: BUG-001 (Type: INTERNAL. Status: UNKNOWN). Checking if \"https://www.saucedemo.com/\" is equal to \"https://www.saucedemo.com/inventory.html\" [Expected: \"https://www.saucedemo.com/inventory.html\" Actual: was \"https://www.saucedemo.com/\"]\r\n2) Known issue: BUG-002 (Type: INTERNAL. Status: UNKNOWN). Number of elements found by ' Class name: 'inventory_item'; Visibility: VISIBLE;' is equal to 6 [Expected: number of elements is a value equal to <6> Actual: <0>]","time":{"start":1712743999064,"stop":1712744003171,"duration":4107}},{"uid":"8be1a6977cfde1cb","status":"failed","statusDetails":"1) Checking if \"https://www.saucedemo.com/\" is equal to \"https://www.saucedemo.com/inventory.html\" [Expected: \"https://www.saucedemo.com/inventory.html\" Actual: was \"https://www.saucedemo.com/\"]\r\n2) The number of found elements [Expected: number of elements is a value equal to <6> Actual: <0>]","time":{"start":1712743855295,"stop":1712743859458,"duration":4163}},{"uid":"dc00e813318abe3b","status":"failed","statusDetails":"1) Checking if \"https://www.saucedemo.com/\" is equal to \"https://www.saucedemo.com/inventory.html\" [Expected: \"https://www.saucedemo.com/inventory.html\" Actual: was \"https://www.saucedemo.com/\"]\r\n2) Known issue: BUG-002 (Type: INTERNAL. Status: UNKNOWN). Number of elements found by ' Class name: 'inventory_item'; Visibility: VISIBLE;' is equal to 6 [Expected: number of elements is a value equal to <6> Actual: <0>]","time":{"start":1712743676669,"stop":1712743681087,"duration":4418}},{"uid":"b18499f0872658b3","status":"failed","statusDetails":"1) Checking if \"https://www.saucedemo.com/\" is equal to \"https://www.saucedemo.com/inventory.html\" [Expected: \"https://www.saucedemo.com/inventory.html\" Actual: was \"https://www.saucedemo.com/\"]\r\n2) The number of found elements [Expected: number of elements is a value equal to <6> Actual: <0>]","time":{"start":1712743523458,"stop":1712743527418,"duration":3960}},{"uid":"17c8e3bc94793559","status":"failed","statusDetails":"1) Potentially known issue: BUG-001 (Type: INTERNAL. Status: UNKNOWN). Checking if \"https://www.saucedemo.com/\" is equal to \"https://www.saucedemo.com/inventory.html\" [Expected: \"https://www.saucedemo.com/inventory.html\" Actual: was \"https://www.saucedemo.com/\"]\r\n2) Known issue: BUG-002 (Type: INTERNAL. Status: UNKNOWN). Number of elements found by ' Class name: 'inventory_item'; Visibility: VISIBLE;' is equal to 6 [Expected: number of elements is a value equal to <6> Actual: <0>]","time":{"start":1712743341111,"stop":1712743345337,"duration":4226}},{"uid":"45475f1b6ec1dc5e","status":"failed","statusDetails":"1) Checking if \"https://www.saucedemo.com/\" is equal to \"https://www.saucedemo.com/inventory.html\" [Expected: \"https://www.saucedemo.com/inventory.html\" Actual: was \"https://www.saucedemo.com/\"]\r\n2) Known issue: BUG-002 (Type: INTERNAL. Status: UNKNOWN). Number of elements found by ' Class name: 'inventory_item'; Visibility: VISIBLE;' is equal to 6 [Expected: number of elements is a value equal to <6> Actual: <0>]","time":{"start":1712743118789,"stop":1712743123074,"duration":4285}},{"uid":"3057da1968bc7ce","status":"failed","statusDetails":"1) Checking if \"https://www.saucedemo.com/\" is equal to \"https://www.saucedemo.com/inventory.html\" [Expected: \"https://www.saucedemo.com/inventory.html\" Actual: was \"https://www.saucedemo.com/\"]\r\n2) Known issue: BUG-002 (Type: INTERNAL. Status: UNKNOWN). Number of elements found by ' Class name: 'inventory_item'; Visibility: VISIBLE;' is equal to 6 [Expected: number of elements is a value equal to <6> Actual: <0>]","time":{"start":1712743030327,"stop":1712743034614,"duration":4287}},{"uid":"e4a5fa9fa857fc30","status":"failed","statusDetails":"1) Checking if \"https://www.saucedemo.com/\" is equal to \"https://www.saucedemo.com/inventory.html\" [Expected: \"https://www.saucedemo.com/inventory.html\" Actual: was \"https://www.saucedemo.com/\"]\r\n2) The number of found elements [Expected: number of elements is a value equal to <6> Actual: <0>]","time":{"start":1712742877038,"stop":1712742881236,"duration":4198}},{"uid":"774ae0759cc73e92","status":"failed","statusDetails":"1) Checking if \"https://www.saucedemo.com/\" is equal to \"https://www.saucedemo.com/inventory.html\" [Expected: \"https://www.saucedemo.com/inventory.html\" Actual: was \"https://www.saucedemo.com/\"]\r\n2) The number of found elements [Expected: number of elements is a value equal to <6> Actual: <0>]","time":{"start":1712742697471,"stop":1712742702109,"duration":4638}},{"uid":"cba662bbfb684e26","status":"failed","statusDetails":"1) Checking if \"https://www.saucedemo.com/\" is equal to \"https://www.saucedemo.com/inventory.html\" [Expected: \"https://www.saucedemo.com/inventory.html\" Actual: was \"https://www.saucedemo.com/\"]\r\n2) The number of found elements [Expected: number of elements is a value equal to <6> Actual: <0>]","time":{"start":1712742192663,"stop":1712742196866,"duration":4203}},{"uid":"92c543cfdd74a597","status":"failed","statusDetails":"1) Checking if \"https://www.saucedemo.com/\" is equal to \"https://www.saucedemo.com/inventory.html\" [Expected: \"https://www.saucedemo.com/inventory.html\" Actual: was \"https://www.saucedemo.com/\"]\r\n2) The number of found elements [Expected: number of elements is a value equal to <6> Actual: <0>]","time":{"start":1710234247560,"stop":1710234251431,"duration":3871}},{"uid":"48bb9e9ec8bd4547","status":"failed","statusDetails":"1) Checking if \"https://www.saucedemo.com/\" is equal to \"https://www.saucedemo.com/inventory.html\" [Expected: \"https://www.saucedemo.com/inventory.html\" Actual: was \"https://www.saucedemo.com/\"]\r\n2) The number of found elements [Expected: number of elements is a value equal to <6> Actual: <0>]","time":{"start":1710234074794,"stop":1710234080142,"duration":5348}},{"uid":"e90c33e622e9550a","status":"failed","statusDetails":"1) Checking if \"https://www.saucedemo.com/\" is equal to \"https://www.saucedemo.com/inventory.html\" [Expected: \"https://www.saucedemo.com/inventory.html\" Actual: was \"https://www.saucedemo.com/\"]\r\n2) The number of found elements [Expected: number of elements is a value equal to <6> Actual: <0>]","time":{"start":1710168755957,"stop":1710168759951,"duration":3994}},{"uid":"677f64c5deda3505","status":"broken","statusDetails":"no such window: target window already closed\nfrom unknown error: web view not found\n  (Session info: chrome=122.0.6261.112)\nBuild info: version: '4.13.0', revision: 'ba948ece5b*'\nSystem info: os.name: 'Windows 10', os.arch: 'amd64', os.version: '10.0', java.version: '17.0.10'\nDriver info: org.openqa.selenium.chrome.ChromeDriver\nCommand: [c1f55692263beab3450e9554d1c9f4ff, findElements {using=xpath, value=//*[normalize-space(@id)=\"user-name\"]}]\nCapabilities {acceptInsecureCerts: false, browserName: chrome, browserVersion: 122.0.6261.112, chrome: {chromedriverVersion: 122.0.6261.111 (9d4c1072da6..., userDataDir: C:\\Users\\DARYA_~1\\AppData\\L...}, fedcm:accounts: true, goog:chromeOptions: {debuggerAddress: localhost:56568}, networkConnectionEnabled: false, pageLoadStrategy: normal, platformName: windows, proxy: Proxy(), se:cdp: ws://localhost:56568/devtoo..., se:cdpVersion: 122.0.6261.112, setWindowRect: true, strictFileInteractability: false, timeouts: {implicit: 0, pageLoad: 300000, script: 30000}, unhandledPromptBehavior: dismiss and notify, webauthn:extension:credBlob: true, webauthn:extension:largeBlob: true, webauthn:extension:minPinLength: true, webauthn:extension:prf: true, webauthn:virtualAuthenticators: true}\nSession ID: c1f55692263beab3450e9554d1c9f4ff","time":{"start":1710168700140,"stop":1710168700198,"duration":58}}]},"[batch: batch-1][stories-chain: file:/C:/Users/Darya_Sakel/IdeaProjects/vividus-training/output/resources/main/story/training/Task_6.story][scenario: Log In [2]-0]":{"statistic":{"failed":0,"broken":2,"skipped":2,"passed":12,"unknown":0,"total":16},"items":[{"uid":"c450b56dc8347368","status":"passed","time":{"start":1710756387160,"stop":1710756392968,"duration":5808}},{"uid":"c0c6eb684bb0e6cf","status":"passed","time":{"start":1710098886186,"stop":1710098891951,"duration":5765}},{"uid":"f36842e3ef1a7b5d","status":"broken","statusDetails":"Error communicating with the remote browser. It may have died.\nBuild info: version: '4.13.0', revision: 'ba948ece5b*'\nSystem info: os.name: 'Windows 10', os.arch: 'amd64', os.version: '10.0', java.version: '17.0.10'\nDriver info: org.openqa.selenium.chrome.ChromeDriver\nCommand: [3595757358107e46d779e5dd24788a4b, clickElement [id]]\nCapabilities {acceptInsecureCerts: false, browserName: chrome, browserVersion: 122.0.6261.112, chrome: {chromedriverVersion: 122.0.6261.111 (9d4c1072da6..., userDataDir: C:\\Users\\DARYA_~1\\AppData\\L...}, fedcm:accounts: true, goog:chromeOptions: {debuggerAddress: localhost:52636}, networkConnectionEnabled: false, pageLoadStrategy: normal, platformName: windows, proxy: Proxy(), se:cdp: ws://localhost:52636/devtoo..., se:cdpVersion: 122.0.6261.112, setWindowRect: true, strictFileInteractability: false, timeouts: {implicit: 0, pageLoad: 300000, script: 30000}, unhandledPromptBehavior: dismiss and notify, webauthn:extension:credBlob: true, webauthn:extension:largeBlob: true, webauthn:extension:minPinLength: true, webauthn:extension:prf: true, webauthn:virtualAuthenticators: true}\nElement: [[ChromeDriver: chrome on windows (3595757358107e46d779e5dd24788a4b)] -> xpath: //*[normalize-space(@id)=\"login-button\"]]\nSession ID: 3595757358107e46d779e5dd24788a4b","time":{"start":1710093705795,"stop":1710093707985,"duration":2190}},{"uid":"c82cf952106be338","status":"passed","time":{"start":1710093322788,"stop":1710093328603,"duration":5815}},{"uid":"6da11faa34e58a7c","status":"broken","statusDetails":"Error communicating with the remote browser. It may have died.\nBuild info: version: '4.13.0', revision: 'ba948ece5b*'\nSystem info: os.name: 'Windows 10', os.arch: 'amd64', os.version: '10.0', java.version: '17.0.10'\nDriver info: org.openqa.selenium.chrome.ChromeDriver\nCommand: [c68d7e8cc873fe84d9989d7f4cae9fe9, clickElement [id]]\nCapabilities {acceptInsecureCerts: false, browserName: chrome, browserVersion: 122.0.6261.112, chrome: {chromedriverVersion: 122.0.6261.111 (9d4c1072da6..., userDataDir: C:\\Users\\DARYA_~1\\AppData\\L...}, fedcm:accounts: true, goog:chromeOptions: {debuggerAddress: localhost:52145}, networkConnectionEnabled: false, pageLoadStrategy: normal, platformName: windows, proxy: Proxy(), se:cdp: ws://localhost:52145/devtoo..., se:cdpVersion: 122.0.6261.112, setWindowRect: true, strictFileInteractability: false, timeouts: {implicit: 0, pageLoad: 300000, script: 30000}, unhandledPromptBehavior: dismiss and notify, webauthn:extension:credBlob: true, webauthn:extension:largeBlob: true, webauthn:extension:minPinLength: true, webauthn:extension:prf: true, webauthn:virtualAuthenticators: true}\nElement: [[ChromeDriver: chrome on windows (c68d7e8cc873fe84d9989d7f4cae9fe9)] -> xpath: //*[normalize-space(@id)=\"login-button\"]]\nSession ID: c68d7e8cc873fe84d9989d7f4cae9fe9","time":{"start":1710093213303,"stop":1710093215747,"duration":2444}},{"uid":"f391e639e7be06ce","status":"passed","time":{"start":1710093140502,"stop":1710093146321,"duration":5819}},{"uid":"f0810a15a6e05d19","status":"passed","time":{"start":1710093061584,"stop":1710093061741,"duration":157}},{"uid":"658c53bfcafaa449","status":"passed","time":{"start":1710092932788,"stop":1710092932948,"duration":160}},{"uid":"49313f8fa9d3db49","status":"passed","time":{"start":1710092822436,"stop":1710092822620,"duration":184}},{"uid":"4517a94da71beca3","status":"passed","time":{"start":1710092736676,"stop":1710092736892,"duration":216}},{"uid":"d6c151c84507dafc","status":"passed","time":{"start":1710092561889,"stop":1710092562049,"duration":160}},{"uid":"a9b258d42fc77623","status":"passed","time":{"start":1710092041694,"stop":1710092041851,"duration":157}},{"uid":"a8df7e7ed2f026b3","status":"passed","time":{"start":1710091227455,"stop":1710091227614,"duration":159}},{"uid":"6df7322a47d1e1ed","status":"passed","time":{"start":1710091059794,"stop":1710091059796,"duration":2}},{"uid":"8c396f18ff163f4d","status":"skipped","statusDetails":"The step is not implemented","time":{"start":1710090707453,"stop":1710090707456,"duration":3}},{"uid":"79cd331ed598cca9","status":"skipped","statusDetails":"The step is not implemented","time":{"start":1710090356727,"stop":1710090356729,"duration":2}}]},"[batch: batch-1][stories-chain: file:/C:/Users/Darya_Sakel/IdeaProjects/vividus-training/output/resources/main/story/training/Task_6.story][scenario: Validate the num of items in the shopping cart [1]-0]":{"statistic":{"failed":2,"broken":0,"skipped":3,"passed":20,"unknown":0,"total":25},"items":[{"uid":"4af743b0b3e35a36","status":"skipped","statusDetails":"The step is not implemented","time":{"start":1710756651620,"stop":1710756651635,"duration":15}},{"uid":"c713c61d5059dc42","status":"skipped","statusDetails":"The step is not implemented","time":{"start":1710756383471,"stop":1710756383487,"duration":16}},{"uid":"9a273b6a36a7871b","status":"skipped","statusDetails":"The step is not implemented","time":{"start":1710098475940,"stop":1710098475945,"duration":5}},{"uid":"26cdfdd3c5bcbd8e","status":"failed","statusDetails":"1) Checking if \"xpath(//*[@id=\"shopping_cart_badge\"])\" is equal to \"3\" [Expected: \"3\" Actual: was \"xpath(//*[@id=\\\"shopping_cart_badge\\\"])\"]","time":{"start":1710097906659,"stop":1710097906768,"duration":109}},{"uid":"d18244d3974969d","status":"failed","statusDetails":"1) Checking if \"xpath(//*[@id=\"shopping_cart_container\"]/a/span)\" is equal to \"3\" [Expected: \"3\" Actual: was \"xpath(//*[@id=\\\"shopping_cart_container\\\"]/a/span)\"]","time":{"start":1710097160067,"stop":1710097160170,"duration":103}},{"uid":"2011c4d7be9c2fe0","status":"passed","time":{"start":1710096649752,"stop":1710096649753,"duration":1}},{"uid":"93df857c80de1c9f","status":"passed","time":{"start":1710096584306,"stop":1710096584308,"duration":2}},{"uid":"dbb4f5d214ebee80","status":"passed","time":{"start":1710096522249,"stop":1710096522250,"duration":1}},{"uid":"76fb8bf63f3ca038","status":"passed","time":{"start":1710095989950,"stop":1710095989951,"duration":1}},{"uid":"b57bc1a6d8cb74d8","status":"passed","time":{"start":1710095788878,"stop":1710095788880,"duration":2}},{"uid":"300990aea519b2a0","status":"passed","time":{"start":1710093919139,"stop":1710093919141,"duration":2}},{"uid":"ed666ea7332ab627","status":"passed","time":{"start":1710093704009,"stop":1710093704010,"duration":1}},{"uid":"e68d71eee2f88ed2","status":"passed","time":{"start":1710093320935,"stop":1710093320937,"duration":2}},{"uid":"2c58147717263af6","status":"passed","time":{"start":1710093211418,"stop":1710093211420,"duration":2}},{"uid":"a5111ca1a64dda3","status":"passed","time":{"start":1710093138638,"stop":1710093138640,"duration":2}},{"uid":"c78231aceb14bfb","status":"passed","time":{"start":1710093059745,"stop":1710093059747,"duration":2}},{"uid":"59d6fdbbeb4f053d","status":"passed","time":{"start":1710092930936,"stop":1710092930939,"duration":3}},{"uid":"f7ef47981aebb24b","status":"passed","time":{"start":1710092820564,"stop":1710092820566,"duration":2}},{"uid":"e1a9db59eb75becf","status":"passed","time":{"start":1710092734763,"stop":1710092734765,"duration":2}},{"uid":"2ab23e0a0e104db9","status":"passed","time":{"start":1710092560112,"stop":1710092560113,"duration":1}}]},"[batch: batch-1][stories-chain: file:/C:/Users/Darya_Sakel/IdeaProjects/vividus-training/output/resources/main/story/training/Task_6.story][scenario: Validate the num of items in the shopping cart [2]-0]":{"statistic":{"failed":0,"broken":0,"skipped":1,"passed":14,"unknown":0,"total":15},"items":[{"uid":"edc54576fdd1ce47","status":"skipped","statusDetails":"The step is not implemented","time":{"start":1710756407260,"stop":1710756407262,"duration":2}},{"uid":"68c9711aa0e496f3","status":"passed","time":{"start":1710093708011,"stop":1710093708013,"duration":2}},{"uid":"f8bb64a11b7b8e9a","status":"passed","time":{"start":1710093331035,"stop":1710093331037,"duration":2}},{"uid":"4253f34a222a485b","status":"passed","time":{"start":1710093215766,"stop":1710093215767,"duration":1}},{"uid":"8f4f1426c5678883","status":"passed","time":{"start":1710093149886,"stop":1710093149888,"duration":2}},{"uid":"4170c137b50f4998","status":"passed","time":{"start":1710093064821,"stop":1710093064823,"duration":2}},{"uid":"1f3945c6510bdd45","status":"passed","time":{"start":1710092936081,"stop":1710092936083,"duration":2}},{"uid":"e5a40c51461e47d2","status":"passed","time":{"start":1710092822632,"stop":1710092822634,"duration":2}},{"uid":"8744256f1990fe45","status":"passed","time":{"start":1710092736907,"stop":1710092736909,"duration":2}},{"uid":"98849916c48f30c1","status":"passed","time":{"start":1710092565122,"stop":1710092565124,"duration":2}},{"uid":"e8b6288d3423815c","status":"passed","time":{"start":1710092041860,"stop":1710092041862,"duration":2}},{"uid":"e880c13546b8ba73","status":"passed","time":{"start":1710091227622,"stop":1710091227623,"duration":1}},{"uid":"1a11e22e2f0d1030","status":"passed","time":{"start":1710091059804,"stop":1710091059805,"duration":1}},{"uid":"59ab8c3a563668b0","status":"passed","time":{"start":1710090707464,"stop":1710090707465,"duration":1}},{"uid":"6935ae2d7fa3392b","status":"passed","time":{"start":1710090356738,"stop":1710090356739,"duration":1}}]},"[batch: batch-1][stories-chain: file:/C:/Users/Darya_Sakel/IdeaProjects/vividus-training/output/resources/main/story/training/Task_6.story][scenario: Log In [1]-0]":{"statistic":{"failed":0,"broken":0,"skipped":2,"passed":25,"unknown":0,"total":27},"items":[{"uid":"d50910d1e401cc8b","status":"passed","time":{"start":1710756646369,"stop":1710756647292,"duration":923}},{"uid":"e361072bd3638699","status":"passed","time":{"start":1710756378212,"stop":1710756379104,"duration":892}},{"uid":"bd40b8bf77ef77d6","status":"passed","time":{"start":1710098877513,"stop":1710098878473,"duration":960}},{"uid":"2844e5ed0c398d3e","status":"passed","time":{"start":1710098592434,"stop":1710098593336,"duration":902}},{"uid":"a0707abab228c3a9","status":"passed","time":{"start":1710098470691,"stop":1710098471583,"duration":892}},{"uid":"2a087a51ab889c89","status":"passed","time":{"start":1710097901468,"stop":1710097902331,"duration":863}},{"uid":"20a28d0848bfafa0","status":"passed","time":{"start":1710097154741,"stop":1710097155641,"duration":900}},{"uid":"45ba37b78edfa63a","status":"passed","time":{"start":1710096644547,"stop":1710096645440,"duration":893}},{"uid":"d79b0b3640b163f7","status":"passed","time":{"start":1710096582116,"stop":1710096583017,"duration":901}},{"uid":"2059833dc2334f62","status":"passed","time":{"start":1710096519997,"stop":1710096520972,"duration":975}},{"uid":"46dc39f13d779618","status":"passed","time":{"start":1710095983470,"stop":1710095984377,"duration":907}},{"uid":"88b2595d2b26b883","status":"passed","time":{"start":1710095782332,"stop":1710095783260,"duration":928}},{"uid":"bf838cc55c35ffe1","status":"passed","time":{"start":1710093912684,"stop":1710093913600,"duration":916}},{"uid":"a017267c919de384","status":"passed","time":{"start":1710093697606,"stop":1710093698508,"duration":902}},{"uid":"3a2949382df17bbb","status":"passed","time":{"start":1710093318752,"stop":1710093319668,"duration":916}},{"uid":"922ec1f4b2cd04f2","status":"passed","time":{"start":1710093206905,"stop":1710093207773,"duration":868}},{"uid":"bd8ce35c276304c1","status":"passed","time":{"start":1710093134072,"stop":1710093134962,"duration":890}},{"uid":"4def0a9b4d6e7eb4","status":"passed","time":{"start":1710093056201,"stop":1710093056405,"duration":204}},{"uid":"ac95582bab67e446","status":"passed","time":{"start":1710092927408,"stop":1710092927597,"duration":189}},{"uid":"3a10920060e6719","status":"passed","time":{"start":1710092820357,"stop":1710092820544,"duration":187}}]}}