[{"data":{"failed":0,"broken":0,"skipped":0,"passed":1,"unknown":1,"total":2}},{"data":{"failed":1,"broken":0,"skipped":0,"passed":1,"unknown":0,"total":2}},{"data":{"failed":1,"broken":0,"skipped":0,"passed":1,"unknown":0,"total":2}},{"data":{"failed":1,"broken":0,"skipped":0,"passed":1,"unknown":0,"total":2}},{"data":{"failed":1,"broken":0,"skipped":0,"passed":1,"unknown":0,"total":2}},{"data":{"failed":1,"broken":0,"skipped":0,"passed":1,"unknown":0,"total":2}},{"data":{"failed":1,"broken":0,"skipped":0,"passed":1,"unknown":0,"total":2}},{"data":{"failed":1,"broken":0,"skipped":0,"passed":1,"unknown":0,"total":2}},{"data":{"failed":1,"broken":0,"skipped":0,"passed":1,"unknown":0,"total":2}},{"data":{"failed":1,"broken":0,"skipped":0,"passed":1,"unknown":0,"total":2}},{"data":{"failed":1,"broken":0,"skipped":0,"passed":1,"unknown":0,"total":2}},{"data":{"failed":1,"broken":0,"skipped":0,"passed":1,"unknown":0,"total":2}},{"data":{"failed":1,"broken":0,"skipped":0,"passed":1,"unknown":0,"total":2}},{"data":{"failed":1,"broken":0,"skipped":0,"passed":1,"unknown":0,"total":2}},{"data":{"failed":1,"broken":0,"skipped":0,"passed":1,"unknown":0,"total":2}},{"data":{"failed":1,"broken":0,"skipped":0,"passed":1,"unknown":0,"total":2}},{"data":{"failed":0,"broken":0,"skipped":1,"passed":4,"unknown":0,"total":5}},{"data":{"failed":0,"broken":0,"skipped":2,"passed":8,"unknown":0,"total":10}},{"data":{"failed":1,"broken":0,"skipped":0,"passed":1,"unknown":0,"total":2}},{"data":{"failed":1,"broken":0,"skipped":0,"passed":1,"unknown":0,"total":2}}]