[{"data":{"run":2,"retry":0}},{"data":{"run":2,"retry":0}},{"data":{"run":2,"retry":0}},{"data":{"run":2,"retry":0}},{"data":{"run":2,"retry":0}},{"data":{"run":2,"retry":0}},{"data":{"run":2,"retry":0}},{"data":{"run":2,"retry":0}},{"data":{"run":2,"retry":0}},{"data":{"run":2,"retry":0}},{"data":{"run":2,"retry":0}},{"data":{"run":2,"retry":0}},{"data":{"run":2,"retry":0}},{"data":{"run":2,"retry":0}},{"data":{"run":2,"retry":0}},{"data":{"run":2,"retry":0}},{"data":{"run":5,"retry":0}},{"data":{"run":10,"retry":0}},{"data":{"run":2,"retry":0}},{"data":{"run":2,"retry":0}}]